Combinada;Primera fecha: itsas eus.Dir. Viento;Suma de itsas eus.Dir. Viento (º);Suma de itsas eus.Humedad relativa (%);Suma de itsas eus.Precipitación (l/m²);Suma de itsas eus.Temp. Aire (ºC);Suma de itsas eus.Vel. Viento (km/h);Suma de Predicción maritima.day.forecasts.forecast.waterTemperature;Suma de Predicción maritima.day.forecasts.forecast.waveHeight;Suma de Cantidades;Trimestre;itsas eus.Dir. Viento;prediction_label
2021-01-05 00:00:00.000;;;;;;;13;3;;;;
2021-01-07 00:00:00.000;;;;;;;13;3;;;;
2021-01-19 00:00:00.000;;;;;;;1213;3;;;;
2021-01-25 00:00:00.000;;;;;;;12;3;;;;
2021-01-28 00:00:00.000;;;;;;;12;3;;;;
2021-01-30 00:00:00.000;;;;;;;12;3;;;;
2021-01-31 00:00:00.000;;;;;;;12;3;;;;
2021-02-03 00:00:00.000;;;;;;;12;3;;;;
2021-02-13 00:00:00.000;;;;;;;12;3;;;;
2021-02-17 00:00:00.000;;;;;;;12;3;;;;
2021-02-19 00:00:00.000;;;;;;;12;3;;;;
2021-03-03 00:00:00.000;;;;;;;12;3;;;;
2021-03-04 00:00:00.000;;;;;;;12;3;;;;
2021-03-07 00:00:00.000;;;;;;;1213;3;;;;
2021-03-08 00:00:00.000;;;;;;;1213;3;;;;
2021-03-09 00:00:00.000;;;;;;;1213;3;;;;
2021-03-23 00:00:00.000;;;;;;;1213;3;;;;
2021-03-28 00:00:00.000;;;;;;;1213;3;;;;
2021-03-30 00:00:00.000;;;;;;;1213;3;;;;
2021-03-31 00:00:00.000;;;;;;;1213;3;;;;
2021-04-01 00:00:00.000;;;;;;;1213;3;;;;
2021-04-02 00:00:00.000;;;;;;;1213;3;;;;
2021-04-04 00:00:00.000;;;;;;;1213;3;;;;
2021-04-09 00:00:00.000;;;;;;;13;3;;;;
2021-04-18 00:00:00.000;;;;;;;13;3;;;;
2021-04-19 00:00:00.000;;;;;;;13;3;;;;
2021-04-22 00:00:00.000;;;;;;;1314;3;;;;
2021-04-23 00:00:00.000;;;;;;;1314;3;;;;
2021-04-24 00:00:00.000;;;;;;;1314;3;;;;
2021-04-26 00:00:00.000;;;;;;;14;3;;;;
2021-05-02 00:00:00.000;;;;;;;14;3;;;;
2021-05-04 00:00:00.000;;;;;;;14;3;;;;
2021-05-05 00:00:00.000;;;;;;;14;3;;;;
2021-05-06 00:00:00.000;;;;;;;1415;3;;;;
2021-05-15 00:00:00.000;;;;;;;1415;3;;;;
2021-05-20 00:00:00.000;;;;;;;15;3;;;;
2021-05-26 00:00:00.000;;;;;;;1415;3;;;;
2021-05-30 00:00:00.000;;;;;;;15;3;;;;
2021-05-31 00:00:00.000;;;;;;;1516;3;;;;
2021-06-02 00:00:00.000;;;;;;;1516;3;;;;
2021-06-05 00:00:00.000;;;;;;;17;3;;;;
2021-06-06 00:00:00.000;;;;;;;17;3;;;;
2021-06-07 00:00:00.000;;;;;;;17;3;;;;
2021-06-10 00:00:00.000;;;;;;;18;3;;;;
2021-06-19 00:00:00.000;;;;;;;192;3;;;;
2021-06-30 00:00:00.000;;;;;;;192;3;;;;
2021-07-02 00:00:00.000;;;;;;;192;3;;;;
2021-07-29 00:00:00.000;;;;;;;22;3;;;;
2021-07-30 00:00:00.000;;;;;;;22;3;;;;
2021-08-08 00:00:00.000;;;;;;;22;3;;;;
2021-08-10 00:00:00.000;;;;;;;22;3;;;;
2021-08-11 00:00:00.000;;;;;;;2223;3;;;;
2021-08-12 00:00:00.000;;;;;;;2223;3;;;;
2021-08-14 00:00:00.000;;;;;;;2223;3;;;;
2021-08-15 00:00:00.000;;;;;;;23;3;;;;
2021-08-21 00:00:00.000;;;;;;;22;3;;;;
2021-08-22 00:00:00.000;;;;;;;22;3;;;;
2021-08-23 00:00:00.000;;;;;;;22;3;;;;
2021-08-25 00:00:00.000;;;;;;;22;3;;;;
2021-08-26 00:00:00.000;;;;;;;22;3;;;;
2021-09-01 00:00:00.000;;;;;;;2122;3;;;;
2021-09-02 00:00:00.000;;;;;;;2122;3;;;;
2021-09-03 00:00:00.000;;;;;;;2122;3;;;;
2021-09-04 00:00:00.000;;;;;;;2122;3;;;;
2021-09-08 00:00:00.000;;;;;;;21;3;;;;
2021-09-09 00:00:00.000;;;;;;;21;3;;;;
2021-09-10 00:00:00.000;;;;;;;21;3;;;;
2021-09-11 00:00:00.000;;;;;;;2021;3;;;;
2021-09-21 00:00:00.000;;;;;;;20;3;;;;
2021-09-25 00:00:00.000;;;;;;;192;3;;;;
2021-09-26 00:00:00.000;;;;;;;192;3;;;;
2021-10-01 00:00:00.000;;;;;;;192;3;;;;
2021-10-04 00:00:00.000;;;;;;;192;3;;;;
2021-10-08 00:00:00.000;;;;;;;19;3;;;;
2021-10-14 00:00:00.000;;;;;;;19;3;;;;
2021-10-15 00:00:00.000;;;;;;;19;3;;;;
2021-10-16 00:00:00.000;;;;;;;19;3;;;;
2021-10-18 00:00:00.000;;;;;;;1819;3;;;;
2021-10-19 00:00:00.000;;;;;;;18;3;;;;
2021-10-24 00:00:00.000;;;;;;;18;3;;;;
2021-10-25 00:00:00.000;;;;;;;18;3;;;;
2021-10-27 00:00:00.000;;;;;;;18;3;;;;
2021-10-29 00:00:00.000;;;;;;;18;3;;;;
2021-10-30 00:00:00.000;;;;;;;18;3;;;;
2021-11-10 00:00:00.000;;;;;;;17;3;;;;
2021-11-11 00:00:00.000;;;;;;;17;3;;;;
2021-12-08 00:00:00.000;;;;;;;14;3;;;;
2021-12-13 00:00:00.000;;;;;;;1413;3;;;;
2021-12-19 00:00:00.000;;;;;;;1314;3;;;;
2021-12-20 00:00:00.000;;;;;;;1314;3;;;;
2021-12-21 00:00:00.000;;;;;;;13;3;;;;
2021-12-31 00:00:00.000;;;;;;;13;3;;;;
2022-01-03 00:00:00.000;;;;;;;13;3;;;;
2022-01-09 00:00:00.000;;;;;;;13;3;;;;
2022-01-11 00:00:00.000;;;;;;;13;3;;;;
2022-01-17 00:00:00.000;;;;;;;13;3;;;;
2022-01-26 00:00:00.000;;;;;;;12;3;;;;
2022-01-27 00:00:00.000;;;;;;;12;3;;;;
2022-02-08 00:00:00.000;;;;;;;12;3;;;;
2022-02-09 00:00:00.000;;;;;;;12;3;;;;
2022-02-12 00:00:00.000;;;;;;;12;3;;;;
2022-02-27 00:00:00.000;;;;;;;12;3;;;;
2022-03-06 00:00:00.000;;;;;;;12;3;;;;
2022-03-18 00:00:00.000;;;;;;;12;3;;;;
2022-03-19 00:00:00.000;;;;;;;12;3;;;;
2022-03-27 00:00:00.000;;;;;;;12;3;;;;
2022-04-17 00:00:00.000;;;;;;;13;3;;;;
2022-04-22 00:00:00.000;;;;;;;1314;3;;;;
2022-05-02 00:00:00.000;;;;;;;14;3;;;;
2022-05-04 00:00:00.000;;;;;;;14;3;;;;
2022-05-12 00:00:00.000;;;;;;;1516;3;;;;
2022-05-14 00:00:00.000;;;;;;;16;3;;;;
2022-05-20 00:00:00.000;;;;;;;1617;3;;;;
2022-05-31 00:00:00.000;;;;;;;1718;3;;;;
2022-06-02 00:00:00.000;;;;;;;1718;3;;;;
2022-06-03 00:00:00.000;;;;;;;1718;3;;;;
2022-06-07 00:00:00.000;;;;;;;1819;3;;;;
2022-06-13 00:00:00.000;;;;;;;192;3;;;;
2022-06-28 00:00:00.000;;;;;;;20;3;;;;
2022-07-02 00:00:00.000;;;;;;;2021;3;;;;
2022-07-13 00:00:00.000;;;;;;;2223;3;;;;
2022-07-14 00:00:00.000;;;;;;;2223;3;;;;
2022-07-15 00:00:00.000;;;;;;;2223;3;;;;
2022-07-16 00:00:00.000;;;;;;;2223;3;;;;
2022-07-17 00:00:00.000;;;;;;;23;3;;;;
2022-07-26 00:00:00.000;;;;;;;23;3;;;;
2022-07-27 00:00:00.000;;;;;;;23;3;;;;
2022-07-28 00:00:00.000;;;;;;;23;3;;;;
2022-07-31 00:00:00.000;;;;;;;2324;3;;;;
2022-08-02 00:00:00.000;;;;;;;2324;3;;;;
2022-08-04 00:00:00.000;;;;;;;2224;3;;;;
2022-08-05 00:00:00.000;;;;;;;2224;3;;;;
2022-08-06 00:00:00.000;;;;;;;23;3;;;;
2022-08-08 00:00:00.000;;;;;;;23;3;;;;
2022-08-09 00:00:00.000;;;;;;;2324;3;;;;
2022-08-10 00:00:00.000;;;;;;;2324;3;;;;
2022-08-11 00:00:00.000;;;;;;;2324;3;;;;
2022-08-13 00:00:00.000;;;;;;;24;3;;;;
2022-08-31 00:00:00.000;;;;;;;23;3;;;;
2022-09-01 00:00:00.000;;;;;;;23;3;;;;
2022-09-02 00:00:00.000;;;;;;;23;3;;;;
2022-09-04 00:00:00.000;;;;;;;23;3;;;;
2022-09-05 00:00:00.000;;;;;;;23;3;;;;
2022-09-06 00:00:00.000;;;;;;;23;3;;;;
2022-09-07 00:00:00.000;;;;;;;2223;3;;;;
2022-09-14 00:00:00.000;;;;;;;2223;3;;;;
2022-09-21 00:00:00.000;;;;;;;21;3;;;;
2022-09-22 00:00:00.000;;;;;;;21;3;;;;
2022-10-01 00:00:00.000;;;;;;;19;3;;;;
2022-10-03 00:00:00.000;;;;;;;19;3;;;;
2022-10-04 00:00:00.000;;;;;;;19;3;;;;
2022-10-07 00:00:00.000;;;;;;;1819;3;;;;
2022-10-08 00:00:00.000;;;;;;;1819;3;;;;
2022-10-09 00:00:00.000;;;;;;;1819;3;;;;
2022-10-24 00:00:00.000;;;;;;;1819;3;;;;
2022-11-01 00:00:00.000;;;;;;;18;3;;;;
2022-11-02 00:00:00.000;;;;;;;18;3;;;;
2022-11-05 00:00:00.000;;;;;;;18;3;;;;
2022-11-09 00:00:00.000;;;;;;;18;3;;;;
2022-11-11 00:00:00.000;;;;;;;1718;3;;;;
2022-11-13 00:00:00.000;;;;;;;1718;3;;;;
2022-11-26 00:00:00.000;;;;;;;1617;3;;;;
2022-11-27 00:00:00.000;;;;;;;1617;3;;;;
2022-12-02 00:00:00.000;;;;;;;16;3;;;;
2022-12-03 00:00:00.000;;;;;;;16;3;;;;
2022-12-04 00:00:00.000;;;;;;;16;3;;;;
2022-12-06 00:00:00.000;;;;;;;1516;3;;;;
2022-12-08 00:00:00.000;;;;;;;1516;3;;;;
2022-12-11 00:00:00.000;;;;;;;1516;3;;;;
2022-12-17 00:00:00.000;;;;;;;1516;3;;;;
2023-01-05 00:00:00.000;;;;;;;14;3;;;;
2023-01-06 00:00:00.000;;;;;;;14;3;;;;
2023-01-13 00:00:00.000;;;;;;;14;3;;;;
2023-01-31 00:00:00.000;;;;;;;13;3;;;;
2023-02-01 00:00:00.000;;;;;;;13;3;;;;
2023-02-02 00:00:00.000;;;;;;;13;3;;;;
2023-02-03 00:00:00.000;;;;;;;1213;3;;;;
2023-02-09 00:00:00.000;;;;;;;12;3;;;;
2023-02-11 00:00:00.000;;;;;;;1213;3;;;;
2023-02-13 00:00:00.000;;;;;;;1213;3;;;;
2023-02-14 00:00:00.000;;;;;;;1213;3;;;;
2023-02-15 00:00:00.000;;;;;;;1213;3;;;;
2023-02-16 00:00:00.000;;;;;;;1213;3;;;;
2023-02-17 00:00:00.000;;;;;;;1213;3;;;;
2023-02-18 00:00:00.000;;;;;;;1213;3;;;;
2023-02-20 00:00:00.000;;;;;;;1213;3;;;;
2023-02-24 00:00:00.000;;;;;;;1213;3;;;;
2023-03-06 00:00:00.000;;;;;;;1213;3;;;;
2023-03-12 00:00:00.000;;;;;;;1213;3;;;;
2023-03-15 00:00:00.000;;;;;;;1213;3;;;;
2023-03-16 00:00:00.000;;;;;;;1213;3;;;;
2023-03-20 00:00:00.000;;;;;;;1213;3;;;;
2023-03-22 00:00:00.000;;;;;;;1213;3;;;;
2023-03-23 00:00:00.000;;;;;;;1213;3;;;;
2023-03-29 00:00:00.000;;;;;;;1213;3;;;;
2023-03-30 00:00:00.000;;;;;;;13;3;;;;
2023-04-05 00:00:00.000;;;;;;;13;3;;;;
2023-04-06 00:00:00.000;;;;;;;13;3;;;;
2023-04-07 00:00:00.000;;;;;;;13;3;;;;
2023-04-08 00:00:00.000;;;;;;;13;3;;;;
2023-04-22 00:00:00.000;;;;;;;1314;3;;;;
2023-04-24 00:00:00.000;;;;;;;1415;3;;;;
2023-04-25 00:00:00.000;;;;;;;1415;3;;;;
2023-04-26 00:00:00.000;;;;;;;1415;3;;;;
2023-04-27 00:00:00.000;;;;;;;1415;3;;;;
2023-04-28 00:00:00.000;;;;;;;1415;3;;;;
2023-04-29 00:00:00.000;;;;;;;1415;3;;;;
2023-05-02 00:00:00.000;;;;;;;15;3;;;;
2023-05-04 00:00:00.000;;;;;;;15;3;;;;
2023-05-05 00:00:00.000;;;;;;;15;3;;;;
2023-05-07 00:00:00.000;;;;;;;1516;3;;;;
2023-05-22 00:00:00.000;;;;;;;16;3;;;;
2023-05-24 00:00:00.000;;;;;;;1617;3;;;;
2021-01-17 00:00:00.000;;;;;;;1213;5;;;;
2021-01-20 00:00:00.000;;;;;;;1213;5;;;;
2021-01-21 00:00:00.000;;;;;;;1213;5;;;;
2021-01-27 00:00:00.000;;;;;;;12;5;;;;
2021-01-29 00:00:00.000;;;;;;;12;5;;;;
2021-02-09 00:00:00.000;;;;;;;12;5;;;;
2021-02-14 00:00:00.000;;;;;;;12;5;;;;
2021-02-15 00:00:00.000;;;;;;;12;5;;;;
2021-02-16 00:00:00.000;;;;;;;12;5;;;;
2021-02-18 00:00:00.000;;;;;;;12;5;;;;
2021-02-23 00:00:00.000;;;;;;;12;5;;;;
2021-02-24 00:00:00.000;;;;;;;12;5;;;;
2021-02-27 00:00:00.000;;;;;;;12;5;;;;
2021-03-01 00:00:00.000;;;;;;;12;5;;;;
2021-03-02 00:00:00.000;;;;;;;12;5;;;;
2021-03-05 00:00:00.000;;;;;;;12;5;;;;
2021-03-06 00:00:00.000;;;;;;;1213;5;;;;
2021-03-15 00:00:00.000;;;;;;;1213;5;;;;
2021-03-17 00:00:00.000;;;;;;;1213;5;;;;
2021-03-18 00:00:00.000;;;;;;;1213;5;;;;
2021-03-24 00:00:00.000;;;;;;;1213;5;;;;
2021-03-25 00:00:00.000;;;;;;;1213;5;;;;
2021-03-26 00:00:00.000;;;;;;;1213;5;;;;
2021-03-27 00:00:00.000;;;;;;;1213;5;;;;
2021-04-12 00:00:00.000;;;;;;;13;5;;;;
2021-04-15 00:00:00.000;;;;;;;13;5;;;;
2021-04-17 00:00:00.000;;;;;;;13;5;;;;
2021-04-25 00:00:00.000;;;;;;;1314;5;;;;
2021-04-27 00:00:00.000;;;;;;;14;5;;;;
2021-04-28 00:00:00.000;;;;;;;14;5;;;;
2021-05-10 00:00:00.000;;;;;;;1415;5;;;;
2021-05-13 00:00:00.000;;;;;;;1415;5;;;;
2021-05-18 00:00:00.000;;;;;;;1415;5;;;;
2021-05-19 00:00:00.000;;;;;;;15;5;;;;
2021-05-21 00:00:00.000;;;;;;;15;5;;;;
2021-05-25 00:00:00.000;;;;;;;1415;5;;;;
2021-05-29 00:00:00.000;;;;;;;15;5;;;;
2021-06-08 00:00:00.000;;;;;;;17;5;;;;
2021-06-13 00:00:00.000;;;;;;;19;5;;;;
2021-06-20 00:00:00.000;;;;;;;192;5;;;;
2021-06-21 00:00:00.000;;;;;;;192;5;;;;
2021-06-22 00:00:00.000;;;;;;;192;5;;;;
2021-06-25 00:00:00.000;;;;;;;192;5;;;;
2021-06-26 00:00:00.000;;;;;;;192;5;;;;
2021-07-05 00:00:00.000;;;;;;;192;5;;;;
2021-07-06 00:00:00.000;;;;;;;192;5;;;;
2021-07-08 00:00:00.000;;;;;;;192;5;;;;
2021-07-09 00:00:00.000;;;;;;;192;5;;;;
2021-07-15 00:00:00.000;;;;;;;2021;5;;;;
2021-07-23 00:00:00.000;;;;;;;2122;5;;;;
2021-07-24 00:00:00.000;;;;;;;2122;5;;;;
2021-07-26 00:00:00.000;;;;;;;22;5;;;;
2021-07-31 00:00:00.000;;;;;;;22;5;;;;
2021-08-01 00:00:00.000;;;;;;;22;5;;;;
2021-08-06 00:00:00.000;;;;;;;22;5;;;;
2021-08-13 00:00:00.000;;;;;;;2223;5;;;;
2021-08-24 00:00:00.000;;;;;;;22;5;;;;
2021-08-28 00:00:00.000;;;;;;;22;5;;;;
2021-09-06 00:00:00.000;;;;;;;2122;5;;;;
2021-09-24 00:00:00.000;;;;;;;192;5;;;;
2021-10-20 00:00:00.000;;;;;;;18;5;;;;
2021-10-23 00:00:00.000;;;;;;;18;5;;;;
2021-11-13 00:00:00.000;;;;;;;1617;5;;;;
2021-11-17 00:00:00.000;;;;;;;1617;5;;;;
2021-12-05 00:00:00.000;;;;;;;14;5;;;;
2021-12-24 00:00:00.000;;;;;;;13;5;;;;
2021-12-27 00:00:00.000;;;;;;;13;5;;;;
2022-01-05 00:00:00.000;;;;;;;13;5;;;;
2022-02-02 00:00:00.000;;;;;;;12;5;;;;
2022-02-05 00:00:00.000;;;;;;;12;5;;;;
2022-02-06 00:00:00.000;;;;;;;12;5;;;;
2022-02-15 00:00:00.000;;;;;;;12;5;;;;
2022-02-16 00:00:00.000;;;;;;;12;5;;;;
2022-02-19 00:00:00.000;;;;;;;12;5;;;;
2022-02-28 00:00:00.000;;;;;;;12;5;;;;
2022-03-01 00:00:00.000;;;;;;;12;5;;;;
2022-03-05 00:00:00.000;;;;;;;12;5;;;;
2022-03-07 00:00:00.000;;;;;;;12;5;;;;
2022-03-08 00:00:00.000;;;;;;;12;5;;;;
2022-03-09 00:00:00.000;;;;;;;12;5;;;;
2022-03-10 00:00:00.000;;;;;;;12;5;;;;
2022-03-11 00:00:00.000;;;;;;;12;5;;;;
2022-03-13 00:00:00.000;;;;;;;12;5;;;;
2022-03-15 00:00:00.000;;;;;;;12;5;;;;
2022-03-20 00:00:00.000;;;;;;;12;5;;;;
2022-03-24 00:00:00.000;;;;;;;12;5;;;;
2022-03-26 00:00:00.000;;;;;;;12;5;;;;
2022-04-13 00:00:00.000;;;;;;;1213;5;;;;
2022-04-14 00:00:00.000;;;;;;;1213;5;;;;
2022-04-15 00:00:00.000;;;;;;;13;5;;;;
2022-04-16 00:00:00.000;;;;;;;13;5;;;;
2022-04-21 00:00:00.000;;;;;;;1314;5;;;;
2022-04-26 00:00:00.000;;;;;;;1314;5;;;;
2022-04-28 00:00:00.000;;;;;;;1314;5;;;;
2022-05-03 00:00:00.000;;;;;;;14;5;;;;
2022-05-10 00:00:00.000;;;;;;;15;5;;;;
2022-05-11 00:00:00.000;;;;;;;1516;5;;;;
2022-05-13 00:00:00.000;;;;;;;1516;5;;;;
2022-05-15 00:00:00.000;;;;;;;16;5;;;;
2022-05-19 00:00:00.000;;;;;;;1617;5;;;;
2022-05-26 00:00:00.000;;;;;;;1718;5;;;;
2022-05-28 00:00:00.000;;;;;;;1718;5;;;;
2022-05-30 00:00:00.000;;;;;;;1718;5;;;;
2022-06-09 00:00:00.000;;;;;;;1819;5;;;;
2022-06-14 00:00:00.000;;;;;;;192;5;;;;
2022-06-17 00:00:00.000;;;;;;;2021;5;;;;
2022-06-19 00:00:00.000;;;;;;;2021;5;;;;
2022-06-21 00:00:00.000;;;;;;;2021;5;;;;
2022-07-01 00:00:00.000;;;;;;;2021;5;;;;
2022-07-03 00:00:00.000;;;;;;;2021;5;;;;
2022-07-04 00:00:00.000;;;;;;;2021;5;;;;
2022-07-07 00:00:00.000;;;;;;;2021;5;;;;
2022-07-09 00:00:00.000;;;;;;;2021;5;;;;
2022-07-10 00:00:00.000;;;;;;;21;5;;;;
2022-07-11 00:00:00.000;;;;;;;21;5;;;;
2022-07-23 00:00:00.000;;;;;;;2324;5;;;;
2022-08-07 00:00:00.000;;;;;;;23;5;;;;
2022-08-12 00:00:00.000;;;;;;;24;5;;;;
2022-08-14 00:00:00.000;;;;;;;24;5;;;;
2022-08-15 00:00:00.000;;;;;;;2324;5;;;;
2022-08-16 00:00:00.000;;;;;;;2324;5;;;;
2022-08-19 00:00:00.000;;;;;;;2324;5;;;;
2022-08-22 00:00:00.000;;;;;;;2324;5;;;;
2022-08-23 00:00:00.000;;;;;;;2324;5;;;;
2022-08-24 00:00:00.000;;;;;;;2324;5;;;;
2022-08-29 00:00:00.000;;;;;;;23;5;;;;
2022-08-30 00:00:00.000;;;;;;;23;5;;;;
2022-09-09 00:00:00.000;;;;;;;2223;5;;;;
2022-09-11 00:00:00.000;;;;;;;2223;5;;;;
2022-09-19 00:00:00.000;;;;;;;21;5;;;;
2022-10-18 00:00:00.000;;;;;;;1819;5;;;;
2022-10-22 00:00:00.000;;;;;;;1819;5;;;;
2022-10-23 00:00:00.000;;;;;;;1819;5;;;;
2022-10-27 00:00:00.000;;;;;;;18;5;;;;
2022-10-30 00:00:00.000;;;;;;;18;5;;;;
2022-11-10 00:00:00.000;;;;;;;18;5;;;;
2022-11-15 00:00:00.000;;;;;;;17;5;;;;
2022-11-16 00:00:00.000;;;;;;;17;5;;;;
2022-11-30 00:00:00.000;;;;;;;16;5;;;;
2022-12-10 00:00:00.000;;;;;;;1516;5;;;;
2022-12-15 00:00:00.000;;;;;;;1516;5;;;;
2022-12-18 00:00:00.000;;;;;;;15;5;;;;
2022-12-20 00:00:00.000;;;;;;;15;5;;;;
2022-12-21 00:00:00.000;;;;;;;15;5;;;;
2022-12-22 00:00:00.000;;;;;;;15;5;;;;
2022-12-24 00:00:00.000;;;;;;;15;5;;;;
2022-12-29 00:00:00.000;;;;;;;1415;5;;;;
2022-12-30 00:00:00.000;;;;;;;14;5;;;;
2023-01-12 00:00:00.000;;;;;;;14;5;;;;
2023-01-14 00:00:00.000;;;;;;;14;5;;;;
2023-01-24 00:00:00.000;;;;;;;13;5;;;;
2023-01-29 00:00:00.000;;;;;;;13;5;;;;
2023-01-30 00:00:00.000;;;;;;;13;5;;;;
2023-02-05 00:00:00.000;;;;;;;1213;5;;;;
2023-02-06 00:00:00.000;;;;;;;1213;5;;;;
2023-02-07 00:00:00.000;;;;;;;1213;5;;;;
2023-02-10 00:00:00.000;;;;;;;12;5;;;;
2023-03-03 00:00:00.000;;;;;;;1213;5;;;;
2023-03-09 00:00:00.000;;;;;;;1213;5;;;;
2023-03-10 00:00:00.000;;;;;;;1213;5;;;;
2023-03-18 00:00:00.000;;;;;;;1213;5;;;;
2023-04-10 00:00:00.000;;;;;;;13;5;;;;
2023-04-17 00:00:00.000;;;;;;;1314;5;;;;
2023-04-18 00:00:00.000;;;;;;;1314;5;;;;
2023-04-19 00:00:00.000;;;;;;;1314;5;;;;
2023-04-30 00:00:00.000;;;;;;;1415;5;;;;
2023-05-01 00:00:00.000;;;;;;;1415;5;;;;
2023-05-06 00:00:00.000;;;;;;;1516;5;;;;
2023-05-21 00:00:00.000;;;;;;;16;5;;;;
2023-05-23 00:00:00.000;;;;;;;16;5;;;;
2021-02-25 00:00:00.000;;;;;;;12;4;;;;
2021-02-28 00:00:00.000;;;;;;;12;4;;;;
2021-03-22 00:00:00.000;;;;;;;1213;4;;;;
2021-03-29 00:00:00.000;;;;;;;1213;4;;;;
2021-04-03 00:00:00.000;;;;;;;1213;4;;;;
2021-04-08 00:00:00.000;;;;;;;1213;4;;;;
2021-04-10 00:00:00.000;;;;;;;13;4;;;;
2021-04-20 00:00:00.000;;;;;;;13;4;;;;
2021-04-21 00:00:00.000;;;;;;;13;4;;;;
2021-05-07 00:00:00.000;;;;;;;1415;4;;;;
2021-05-08 00:00:00.000;;;;;;;1415;4;;;;
2021-06-01 00:00:00.000;;;;;;;1516;4;;;;
2021-06-24 00:00:00.000;;;;;;;19;4;;;;
2021-07-10 00:00:00.000;;;;;;;192;4;;;;
2021-07-16 00:00:00.000;;;;;;;2021;4;;;;
2021-07-17 00:00:00.000;;;;;;;2021;4;;;;
2021-07-27 00:00:00.000;;;;;;;22;4;;;;
2021-07-28 00:00:00.000;;;;;;;22;4;;;;
2021-08-18 00:00:00.000;;;;;;;22;4;;;;
2021-08-19 00:00:00.000;;;;;;;22;4;;;;
2021-08-20 00:00:00.000;;;;;;;22;4;;;;
2021-08-27 00:00:00.000;;;;;;;22;4;;;;
2021-08-29 00:00:00.000;;;;;;;22;4;;;;
2021-08-30 00:00:00.000;;;;;;;22;4;;;;
2021-08-31 00:00:00.000;;;;;;;21;4;;;;
2021-09-13 00:00:00.000;;;;;;;2021;4;;;;
2021-09-17 00:00:00.000;;;;;;;20;4;;;;
2021-09-28 00:00:00.000;;;;;;;192;4;;;;
2021-09-29 00:00:00.000;;;;;;;192;4;;;;
2021-09-30 00:00:00.000;;;;;;;192;4;;;;
2021-10-02 00:00:00.000;;;;;;;192;4;;;;
2021-10-06 00:00:00.000;;;;;;;19;4;;;;
2021-10-09 00:00:00.000;;;;;;;19;4;;;;
2021-10-10 00:00:00.000;;;;;;;19;4;;;;
2021-10-11 00:00:00.000;;;;;;;19;4;;;;
2021-10-12 00:00:00.000;;;;;;;19;4;;;;
2021-10-13 00:00:00.000;;;;;;;19;4;;;;
2021-10-28 00:00:00.000;;;;;;;18;4;;;;
2021-11-09 00:00:00.000;;;;;;;17;4;;;;
2021-11-21 00:00:00.000;;;;;;;16;4;;;;
2021-11-27 00:00:00.000;;;;;;;1516;4;;;;
2021-12-22 00:00:00.000;;;;;;;13;4;;;;
2021-12-23 00:00:00.000;;;;;;;13;4;;;;
2021-12-28 00:00:00.000;;;;;;;13;4;;;;
2021-12-29 00:00:00.000;;;;;;;13;4;;;;
2021-12-30 00:00:00.000;;;;;;;13;4;;;;
2022-01-22 00:00:00.000;;;;;;;1213;4;;;;
2022-02-23 00:00:00.000;;;;;;;12;4;;;;
2022-02-26 00:00:00.000;;;;;;;12;4;;;;
2022-03-12 00:00:00.000;;;;;;;12;4;;;;
2022-03-23 00:00:00.000;;;;;;;12;4;;;;
2022-03-25 00:00:00.000;;;;;;;12;4;;;;
2022-03-28 00:00:00.000;;;;;;;12;4;;;;
2022-04-05 00:00:00.000;;;;;;;12;4;;;;
2022-04-10 00:00:00.000;;;;;;;1213;4;;;;
2022-04-12 00:00:00.000;;;;;;;1213;4;;;;
2022-04-18 00:00:00.000;;;;;;;13;4;;;;
2022-04-25 00:00:00.000;;;;;;;1314;4;;;;
2022-05-27 00:00:00.000;;;;;;;1718;4;;;;
2022-06-01 00:00:00.000;;;;;;;1718;4;;;;
2022-06-04 00:00:00.000;;;;;;;1718;4;;;;
2022-06-10 00:00:00.000;;;;;;;1819;4;;;;
2022-06-11 00:00:00.000;;;;;;;19;4;;;;
2022-06-15 00:00:00.000;;;;;;;192;4;;;;
2022-06-16 00:00:00.000;;;;;;;192;4;;;;
2022-06-24 00:00:00.000;;;;;;;2021;4;;;;
2022-07-08 00:00:00.000;;;;;;;2021;4;;;;
2022-07-12 00:00:00.000;;;;;;;22;4;;;;
2022-08-27 00:00:00.000;;;;;;;23;4;;;;
2022-09-08 00:00:00.000;;;;;;;2223;4;;;;
2022-09-12 00:00:00.000;;;;;;;2223;4;;;;
2022-09-13 00:00:00.000;;;;;;;2223;4;;;;
2022-09-20 00:00:00.000;;;;;;;21;4;;;;
2022-09-23 00:00:00.000;;;;;;;21;4;;;;
2022-10-05 00:00:00.000;;;;;;;1819;4;;;;
2022-10-06 00:00:00.000;;;;;;;1819;4;;;;
2022-10-16 00:00:00.000;;;;;;;1819;4;;;;
2022-10-17 00:00:00.000;;;;;;;1819;4;;;;
2022-10-25 00:00:00.000;;;;;;;18;4;;;;
2022-10-26 00:00:00.000;;;;;;;18;4;;;;
2022-11-06 00:00:00.000;;;;;;;18;4;;;;
2022-11-07 00:00:00.000;;;;;;;18;4;;;;
2022-11-08 00:00:00.000;;;;;;;18;4;;;;
2022-11-12 00:00:00.000;;;;;;;1718;4;;;;
2022-12-05 00:00:00.000;;;;;;;1516;4;;;;
2022-12-07 00:00:00.000;;;;;;;1516;4;;;;
2022-12-12 00:00:00.000;;;;;;;1516;4;;;;
2022-12-13 00:00:00.000;;;;;;;1516;4;;;;
2022-12-14 00:00:00.000;;;;;;;1516;4;;;;
2022-12-25 00:00:00.000;;;;;;;15;4;;;;
2022-12-28 00:00:00.000;;;;;;;1415;4;;;;
2022-12-31 00:00:00.000;;;;;;;14;4;;;;
2023-01-07 00:00:00.000;;;;;;;14;4;;;;
2023-01-17 00:00:00.000;;;;;;;14;4;;;;
2023-02-25 00:00:00.000;;;;;;;1213;4;;;;
2023-03-01 00:00:00.000;;;;;;;1213;4;;;;
2023-03-04 00:00:00.000;;;;;;;1213;4;;;;
2023-03-05 00:00:00.000;;;;;;;1213;4;;;;
2023-03-21 00:00:00.000;;;;;;;1213;4;;;;
2023-03-28 00:00:00.000;;;;;;;1213;4;;;;
2023-04-04 00:00:00.000;;;;;;;13;4;;;;
2023-04-11 00:00:00.000;;;;;;;13;4;;;;
2023-04-16 00:00:00.000;;;;;;;1314;4;;;;
2021-01-22 00:00:00.000;;;;;;;1213;2;;;;
2021-01-26 00:00:00.000;;;;;;;12;2;;;;
2021-02-01 00:00:00.000;;;;;;;12;2;;;;
2021-02-04 00:00:00.000;;;;;;;12;2;;;;
2021-02-05 00:00:00.000;;;;;;;12;2;;;;
2021-02-11 00:00:00.000;;;;;;;12;2;;;;
2021-02-26 00:00:00.000;;;;;;;12;2;;;;
2021-03-10 00:00:00.000;;;;;;;12;2;;;;
2021-03-16 00:00:00.000;;;;;;;1213;2;;;;
2021-04-29 00:00:00.000;;;;;;;14;2;;;;
2021-04-30 00:00:00.000;;;;;;;14;2;;;;
2021-05-03 00:00:00.000;;;;;;;14;2;;;;
2021-05-23 00:00:00.000;;;;;;;1415;2;;;;
2021-05-28 00:00:00.000;;;;;;;15;2;;;;
2021-06-11 00:00:00.000;;;;;;;18;2;;;;
2021-06-12 00:00:00.000;;;;;;;19;2;;;;
2021-06-14 00:00:00.000;;;;;;;18;2;;;;
2021-06-15 00:00:00.000;;;;;;;18;2;;;;
2021-06-17 00:00:00.000;;;;;;;1819;2;;;;
2021-06-18 00:00:00.000;;;;;;;1819;2;;;;
2021-07-01 00:00:00.000;;;;;;;192;2;;;;
2021-07-03 00:00:00.000;;;;;;;192;2;;;;
2021-07-04 00:00:00.000;;;;;;;192;2;;;;
2021-07-18 00:00:00.000;;;;;;;2021;2;;;;
2021-07-19 00:00:00.000;;;;;;;2021;2;;;;
2021-07-20 00:00:00.000;;;;;;;2021;2;;;;
2021-07-22 00:00:00.000;;;;;;;2122;2;;;;
2021-08-09 00:00:00.000;;;;;;;22;2;;;;
2021-09-05 00:00:00.000;;;;;;;2122;2;;;;
2021-09-12 00:00:00.000;;;;;;;2021;2;;;;
2021-09-14 00:00:00.000;;;;;;;2021;2;;;;
2021-09-22 00:00:00.000;;;;;;;20;2;;;;
2021-09-23 00:00:00.000;;;;;;;20;2;;;;
2021-10-17 00:00:00.000;;;;;;;1819;2;;;;
2021-11-12 00:00:00.000;;;;;;;17;2;;;;
2021-11-19 00:00:00.000;;;;;;;16;2;;;;
2021-11-20 00:00:00.000;;;;;;;16;2;;;;
2021-11-28 00:00:00.000;;;;;;;1415;2;;;;
2021-12-02 00:00:00.000;;;;;;;1415;2;;;;
2021-12-04 00:00:00.000;;;;;;;14;2;;;;
2021-12-14 00:00:00.000;;;;;;;1413;2;;;;
2021-12-15 00:00:00.000;;;;;;;1314;2;;;;
2021-12-16 00:00:00.000;;;;;;;1314;2;;;;
2021-12-17 00:00:00.000;;;;;;;1314;2;;;;
2021-12-18 00:00:00.000;;;;;;;1314;2;;;;
2021-12-25 00:00:00.000;;;;;;;13;2;;;;
2021-12-26 00:00:00.000;;;;;;;13;2;;;;
2022-01-06 00:00:00.000;;;;;;;13;2;;;;
2022-01-12 00:00:00.000;;;;;;;13;2;;;;
2022-01-13 00:00:00.000;;;;;;;13;2;;;;
2022-01-14 00:00:00.000;;;;;;;13;2;;;;
2022-01-18 00:00:00.000;;;;;;;1213;2;;;;
2022-01-19 00:00:00.000;;;;;;;1213;2;;;;
2022-01-23 00:00:00.000;;;;;;;12;2;;;;
2022-01-24 00:00:00.000;;;;;;;12;2;;;;
2022-01-25 00:00:00.000;;;;;;;12;2;;;;
2022-01-28 00:00:00.000;;;;;;;12;2;;;;
2022-02-22 00:00:00.000;;;;;;;12;2;;;;
2022-03-29 00:00:00.000;;;;;;;12;2;;;;
2022-04-27 00:00:00.000;;;;;;;1314;2;;;;
2022-05-01 00:00:00.000;;;;;;;14;2;;;;
2022-05-05 00:00:00.000;;;;;;;14;2;;;;
2022-05-06 00:00:00.000;;;;;;;14;2;;;;
2022-05-07 00:00:00.000;;;;;;;14;2;;;;
2022-05-08 00:00:00.000;;;;;;;1415;2;;;;
2022-05-09 00:00:00.000;;;;;;;1415;2;;;;
2022-05-16 00:00:00.000;;;;;;;16;2;;;;
2022-05-17 00:00:00.000;;;;;;;1617;2;;;;
2022-05-21 00:00:00.000;;;;;;;1617;2;;;;
2022-06-05 00:00:00.000;;;;;;;18;2;;;;
2022-06-20 00:00:00.000;;;;;;;2021;2;;;;
2022-08-01 00:00:00.000;;;;;;;2324;2;;;;
2022-08-03 00:00:00.000;;;;;;;2224;2;;;;
2022-09-03 00:00:00.000;;;;;;;23;2;;;;
2022-10-02 00:00:00.000;;;;;;;19;2;;;;
2022-10-10 00:00:00.000;;;;;;;1819;2;;;;
2022-10-11 00:00:00.000;;;;;;;1819;2;;;;
2022-10-12 00:00:00.000;;;;;;;1819;2;;;;
2023-01-02 00:00:00.000;;;;;;;14;2;;;;
2023-01-04 00:00:00.000;;;;;;;14;2;;;;
2023-01-10 00:00:00.000;;;;;;;14;2;;;;
2023-01-15 00:00:00.000;;;;;;;14;2;;;;
2023-01-19 00:00:00.000;;;;;;;14;2;;;;
2023-02-04 00:00:00.000;;;;;;;1213;2;;;;
2023-02-08 00:00:00.000;;;;;;;12;2;;;;
2023-02-12 00:00:00.000;;;;;;;1213;2;;;;
2023-02-19 00:00:00.000;;;;;;;1213;2;;;;
2023-02-21 00:00:00.000;;;;;;;1213;2;;;;
2023-03-11 00:00:00.000;;;;;;;1213;2;;;;
2023-03-14 00:00:00.000;;;;;;;1213;2;;;;
2023-03-25 00:00:00.000;;;;;;;1213;2;;;;
2023-04-01 00:00:00.000;;;;;;;13;2;;;;
2023-04-20 00:00:00.000;;;;;;;1314;2;;;;
2021-01-02 00:00:00.000;;;;;;;13;1;;;;
2021-01-03 00:00:00.000;;;;;;;13;1;;;;
2021-01-06 00:00:00.000;;;;;;;13;1;;;;
2021-01-12 00:00:00.000;;;;;;;1213;1;;;;
2021-01-15 00:00:00.000;;;;;;;1213;1;;;;
2021-01-18 00:00:00.000;;;;;;;1213;1;;;;
2021-01-23 00:00:00.000;;;;;;;1213;1;;;;
2021-02-07 00:00:00.000;;;;;;;12;1;;;;
2021-02-08 00:00:00.000;;;;;;;12;1;;;;
2021-02-20 00:00:00.000;;;;;;;12;1;;;;
2021-02-21 00:00:00.000;;;;;;;12;1;;;;
2021-03-12 00:00:00.000;;;;;;;1213;1;;;;
2021-03-13 00:00:00.000;;;;;;;1213;1;;;;
2021-03-14 00:00:00.000;;;;;;;1213;1;;;;
2021-03-19 00:00:00.000;;;;;;;1213;1;;;;
2021-03-20 00:00:00.000;;;;;;;1213;1;;;;
2021-04-06 00:00:00.000;;;;;;;1213;1;;;;
2021-05-11 00:00:00.000;;;;;;;1415;1;;;;
2021-05-24 00:00:00.000;;;;;;;1415;1;;;;
2021-06-09 00:00:00.000;;;;;;;1718;1;;;;
2021-07-14 00:00:00.000;;;;;;;2021;1;;;;
2021-07-21 00:00:00.000;;;;;;;2021;1;;;;
2021-08-02 00:00:00.000;;;;;;;22;1;;;;
2021-08-03 00:00:00.000;;;;;;;22;1;;;;
2021-08-04 00:00:00.000;;;;;;;2122;1;;;;
2021-08-05 00:00:00.000;;;;;;;2122;1;;;;
2021-09-27 00:00:00.000;;;;;;;192;1;;;;
2021-10-03 00:00:00.000;;;;;;;192;1;;;;
2021-10-22 00:00:00.000;;;;;;;18;1;;;;
2021-11-07 00:00:00.000;;;;;;;17;1;;;;
2021-11-16 00:00:00.000;;;;;;;1617;1;;;;
2021-11-18 00:00:00.000;;;;;;;1617;1;;;;
2021-11-30 00:00:00.000;;;;;;;1415;1;;;;
2021-12-01 00:00:00.000;;;;;;;1415;1;;;;
2022-01-15 00:00:00.000;;;;;;;13;1;;;;
2022-01-16 00:00:00.000;;;;;;;13;1;;;;
2022-01-20 00:00:00.000;;;;;;;1213;1;;;;
2022-01-31 00:00:00.000;;;;;;;12;1;;;;
2022-02-17 00:00:00.000;;;;;;;12;1;;;;
2022-02-18 00:00:00.000;;;;;;;12;1;;;;
2022-03-16 00:00:00.000;;;;;;;12;1;;;;
2022-03-30 00:00:00.000;;;;;;;12;1;;;;
2022-03-31 00:00:00.000;;;;;;;12;1;;;;
2022-04-02 00:00:00.000;;;;;;;12;1;;;;
2022-04-08 00:00:00.000;;;;;;;1213;1;;;;
2022-04-29 00:00:00.000;;;;;;;1314;1;;;;
2022-06-06 00:00:00.000;;;;;;;18;1;;;;
2022-06-18 00:00:00.000;;;;;;;2021;1;;;;
2022-07-24 00:00:00.000;;;;;;;2324;1;;;;
2022-07-29 00:00:00.000;;;;;;;23;1;;;;
2022-07-30 00:00:00.000;;;;;;;23;1;;;;
2022-10-13 00:00:00.000;;;;;;;1819;1;;;;
2022-10-14 00:00:00.000;;;;;;;1819;1;;;;
2022-10-15 00:00:00.000;;;;;;;1819;1;;;;
2022-10-29 00:00:00.000;;;;;;;18;1;;;;
2022-11-22 00:00:00.000;;;;;;;1617;1;;;;
2022-12-26 00:00:00.000;;;;;;;15;1;;;;
2022-12-27 00:00:00.000;;;;;;;1415;1;;;;
2023-01-03 00:00:00.000;;;;;;;14;1;;;;
2023-01-11 00:00:00.000;;;;;;;14;1;;;;
2023-01-20 00:00:00.000;;;;;;;14;1;;;;
2023-01-26 00:00:00.000;;;;;;;13;1;;;;
2023-01-27 00:00:00.000;;;;;;;13;1;;;;
2023-01-28 00:00:00.000;;;;;;;13;1;;;;
2023-03-02 00:00:00.000;;;;;;;1213;1;;;;
2023-03-07 00:00:00.000;;;;;;;1213;1;;;;
2023-03-08 00:00:00.000;;;;;;;1213;1;;;;
2023-05-03 00:00:00.000;;;;;;;15;1;;;;
2023-05-08 00:00:00.000;;;;;;;1516;1;;;;
2023-05-09 00:00:00.000;;;;;;;16;1;;;;
2023-05-10 00:00:00.000;;;;;;;16;1;;;;
2023-05-11 00:00:00.000;;;;;;;16;1;;;;
2023-05-12 00:00:00.000;;;;;;;16;1;;;;
2023-05-13 00:00:00.000;;;;;;;16;1;;;;
2023-05-14 00:00:00.000;;;;;;;16;1;;;;
2023-05-15 00:00:00.000;;;;;;;16;1;;;;
2023-05-16 00:00:00.000;;;;;;;16;1;;;;
2021-01-04 00:00:00.000;;;;;;;13;8;;;;
2021-01-08 00:00:00.000;;;;;;;13;6;;;;
2021-01-09 00:00:00.000;;;;;;;13;8;;;;
2021-01-10 00:00:00.000;;;;;;;13;8;;;;
2021-01-11 00:00:00.000;;;;;;;1213;6;;;;
2021-01-13 00:00:00.000;;;;;;;1213;7;;;;
2021-01-14 00:00:00.000;;;;;;;1213;8;;;;
2021-01-16 00:00:00.000;;;;;;;1213;6;;;;
2021-01-24 00:00:00.000;;;;;;;12;15;;;;
2021-02-02 00:00:00.000;;;;;;;12;7;;;;
2021-02-06 00:00:00.000;;;;;;;12;25;;;;
2021-02-10 00:00:00.000;;;;;;;12;15;;;;
2021-02-12 00:00:00.000;;;;;;;12;15;;;;
2021-02-22 00:00:00.000;;;;;;;12;8;;;;
2021-03-11 00:00:00.000;;;;;;;1213;15;;;;
2021-03-21 00:00:00.000;;;;;;;1213;7;;;;
2021-04-05 00:00:00.000;;;;;;;1213;7;;;;
2021-04-07 00:00:00.000;;;;;;;1213;7;;;;
2021-04-11 00:00:00.000;;;;;;;13;8;;;;
2021-04-13 00:00:00.000;;;;;;;13;8;;;;
2021-04-14 00:00:00.000;;;;;;;13;6;;;;
2021-04-16 00:00:00.000;;;;;;;13;8;;;;
2021-05-01 00:00:00.000;;;;;;;14;8;;;;
2021-05-09 00:00:00.000;;;;;;;1415;7;;;;
2021-05-12 00:00:00.000;;;;;;;14;15;;;;
2021-05-14 00:00:00.000;;;;;;;1415;6;;;;
2021-05-16 00:00:00.000;;;;;;;1415;6;;;;
2021-05-17 00:00:00.000;;;;;;;1415;6;;;;
2021-05-22 00:00:00.000;;;;;;;15;7;;;;
2021-05-27 00:00:00.000;;;;;;;1415;7;;;;
2021-06-03 00:00:00.000;;;;;;;17;7;;;;
2021-06-04 00:00:00.000;;;;;;;17;7;;;;
2021-06-16 00:00:00.000;;;;;;;1819;8;;;;
2021-06-23 00:00:00.000;;;;;;;19;8;;;;
2021-06-27 00:00:00.000;;;;;;;192;7;;;;
2021-06-28 00:00:00.000;;;;;;;192;18;;;;
2021-06-29 00:00:00.000;;;;;;;192;13;;;;
2021-07-07 00:00:00.000;;;;;;;192;6;;;;
2021-07-11 00:00:00.000;;;;;;;20;6;;;;
2021-07-12 00:00:00.000;;;;;;;2021;14;;;;
2021-07-13 00:00:00.000;;;;;;;2021;15;;;;
2021-07-25 00:00:00.000;;;;;;;2122;6;;;;
2021-08-07 00:00:00.000;;;;;;;22;8;;;;
2021-08-16 00:00:00.000;;;;;;;22;6;;;;
2021-08-17 00:00:00.000;;;;;;;22;7;;;;
2021-09-07 00:00:00.000;;;;;;;21;6;;;;
2021-09-15 00:00:00.000;;;;;;;20;7;;;;
2021-09-16 00:00:00.000;;;;;;;20;6;;;;
2021-09-18 00:00:00.000;;;;;;;20;12;;;;
2021-09-19 00:00:00.000;;;;;;;20;9;;;;
2021-09-20 00:00:00.000;;;;;;;2021;6;;;;
2021-10-05 00:00:00.000;;;;;;;1819;8;;;;
2021-10-07 00:00:00.000;;;;;;;19;6;;;;
2021-10-21 00:00:00.000;;;;;;;18;15;;;;
2021-10-26 00:00:00.000;;;;;;;18;6;;;;
2021-10-31 00:00:00.000;;;;;;;18;8;;;;
2021-11-01 00:00:00.000;;;;;;;18;15;;;;
2021-11-02 00:00:00.000;;;;;;;18;8;;;;
2021-11-03 00:00:00.000;;;;;;;1718;15;;;;
2021-11-04 00:00:00.000;;;;;;;1718;13;;;;
2021-11-05 00:00:00.000;;;;;;;17;9;;;;
2021-11-06 00:00:00.000;;;;;;;17;6;;;;
2021-11-08 00:00:00.000;;;;;;;17;7;;;;
2021-11-14 00:00:00.000;;;;;;;1617;7;;;;
2021-11-15 00:00:00.000;;;;;;;1617;6;;;;
2021-11-22 00:00:00.000;;;;;;;16;6;;;;
2021-11-23 00:00:00.000;;;;;;;16;7;;;;
2021-11-24 00:00:00.000;;;;;;;1516;8;;;;
2021-11-25 00:00:00.000;;;;;;;1516;15;;;;
2021-11-26 00:00:00.000;;;;;;;1516;25;;;;
2021-12-03 00:00:00.000;;;;;;;14;8;;;;
2021-12-06 00:00:00.000;;;;;;;14;13;;;;
2021-12-07 00:00:00.000;;;;;;;14;13;;;;
2021-12-09 00:00:00.000;;;;;;;14;28;;;;
2021-12-10 00:00:00.000;;;;;;;14;28;;;;
2021-12-11 00:00:00.000;;;;;;;1413;6;;;;
2021-12-12 00:00:00.000;;;;;;;1413;6;;;;
2022-01-04 00:00:00.000;;;;;;;13;15;;;;
2022-01-07 00:00:00.000;;;;;;;13;18;;;;
2022-01-08 00:00:00.000;;;;;;;13;6;;;;
2022-01-10 00:00:00.000;;;;;;;13;25;;;;
2022-01-21 00:00:00.000;;;;;;;1213;7;;;;
2022-02-01 00:00:00.000;;;;;;;12;8;;;;
2022-02-03 00:00:00.000;;;;;;;12;7;;;;
2022-02-04 00:00:00.000;;;;;;;12;8;;;;
2022-02-07 00:00:00.000;;;;;;;12;7;;;;
2022-02-10 00:00:00.000;;;;;;;12;6;;;;
2022-02-11 00:00:00.000;;;;;;;12;7;;;;
2022-02-13 00:00:00.000;;;;;;;12;6;;;;
2022-02-14 00:00:00.000;;;;;;;12;25;;;;
2022-02-20 00:00:00.000;;;;;;;12;7;;;;
2022-02-21 00:00:00.000;;;;;;;12;15;;;;
2022-02-24 00:00:00.000;;;;;;;12;6;;;;
2022-02-25 00:00:00.000;;;;;;;12;7;;;;
2022-03-02 00:00:00.000;;;;;;;12;7;;;;
2022-03-03 00:00:00.000;;;;;;;12;17;;;;
2022-03-04 00:00:00.000;;;;;;;12;15;;;;
2022-03-14 00:00:00.000;;;;;;;12;6;;;;
2022-03-17 00:00:00.000;;;;;;;12;8;;;;
2022-03-21 00:00:00.000;;;;;;;12;6;;;;
2022-03-22 00:00:00.000;;;;;;;12;6;;;;
2022-04-01 00:00:00.000;;;;;;;12;15;;;;
2022-04-03 00:00:00.000;;;;;;;12;7;;;;
2022-04-04 00:00:00.000;;;;;;;12;6;;;;
2022-04-06 00:00:00.000;;;;;;;12;7;;;;
2022-04-07 00:00:00.000;;;;;;;1213;6;;;;
2022-04-09 00:00:00.000;;;;;;;1213;6;;;;
2022-04-11 00:00:00.000;;;;;;;1213;6;;;;
2022-04-19 00:00:00.000;;;;;;;14;8;;;;
2022-04-20 00:00:00.000;;;;;;;14;16;;;;
2022-04-23 00:00:00.000;;;;;;;1314;15;;;;
2022-04-24 00:00:00.000;;;;;;;1314;6;;;;
2022-04-30 00:00:00.000;;;;;;;14;0;;;;
2022-05-18 00:00:00.000;;;;;;;1617;6;;;;
2022-05-22 00:00:00.000;;;;;;;17;8;;;;
2022-05-23 00:00:00.000;;;;;;;17;8;;;;
2022-05-24 00:00:00.000;;;;;;;1718;8;;;;
2022-05-25 00:00:00.000;;;;;;;1718;8;;;;
2022-05-29 00:00:00.000;;;;;;;1718;7;;;;
2022-06-08 00:00:00.000;;;;;;;1819;7;;;;
2022-06-12 00:00:00.000;;;;;;;192;6;;;;
2022-06-22 00:00:00.000;;;;;;;2021;6;;;;
2022-06-23 00:00:00.000;;;;;;;2021;7;;;;
2022-06-25 00:00:00.000;;;;;;;2021;8;;;;
2022-06-26 00:00:00.000;;;;;;;2021;6;;;;
2022-06-27 00:00:00.000;;;;;;;2021;8;;;;
2022-06-29 00:00:00.000;;;;;;;2021;8;;;;
2022-06-30 00:00:00.000;;;;;;;2021;6;;;;
2022-07-05 00:00:00.000;;;;;;;2021;6;;;;
2022-07-06 00:00:00.000;;;;;;;2021;7;;;;
2022-07-18 00:00:00.000;;;;;;;23;7;;;;
2022-07-19 00:00:00.000;;;;;;;23;6;;;;
2022-07-20 00:00:00.000;;;;;;;23;6;;;;
2022-07-21 00:00:00.000;;;;;;;2324;6;;;;
2022-07-22 00:00:00.000;;;;;;;2324;8;;;;
2022-07-25 00:00:00.000;;;;;;;2324;6;;;;
2022-08-17 00:00:00.000;;;;;;;2324;15;;;;
2022-08-18 00:00:00.000;;;;;;;2324;15;;;;
2022-08-20 00:00:00.000;;;;;;;2324;7;;;;
2022-08-21 00:00:00.000;;;;;;;2324;7;;;;
2022-08-25 00:00:00.000;;;;;;;23;6;;;;
2022-08-26 00:00:00.000;;;;;;;23;6;;;;
2022-08-28 00:00:00.000;;;;;;;23;6;;;;
2022-09-10 00:00:00.000;;;;;;;2223;6;;;;
2022-09-15 00:00:00.000;;;;;;;2223;7;;;;
2022-09-16 00:00:00.000;;;;;;;2223;7;;;;
2022-09-17 00:00:00.000;;;;;;;22;7;;;;
2022-09-18 00:00:00.000;;;;;;;22;8;;;;
2022-09-24 00:00:00.000;;;;;;;21;6;;;;
2022-09-25 00:00:00.000;;;;;;;21;8;;;;
2022-09-26 00:00:00.000;;;;;;;2021;12;;;;
2022-09-27 00:00:00.000;;;;;;;2021;18;;;;
2022-09-28 00:00:00.000;;;;;;;192;25;;;;
2022-09-29 00:00:00.000;;;;;;;19;15;;;;
2022-09-30 00:00:00.000;;;;;;;19;7;;;;
2022-10-19 00:00:00.000;;;;;;;1819;6;;;;
2022-10-20 00:00:00.000;;;;;;;1819;6;;;;
2022-10-21 00:00:00.000;;;;;;;1819;6;;;;
2022-10-28 00:00:00.000;;;;;;;18;6;;;;
2022-10-31 00:00:00.000;;;;;;;18;15;;;;
2022-11-03 00:00:00.000;;;;;;;18;18;;;;
2022-11-04 00:00:00.000;;;;;;;18;25;;;;
2022-11-14 00:00:00.000;;;;;;;1718;7;;;;
2022-11-17 00:00:00.000;;;;;;;17;15;;;;
2022-11-18 00:00:00.000;;;;;;;17;15;;;;
2022-11-19 00:00:00.000;;;;;;;17;15;;;;
2022-11-20 00:00:00.000;;;;;;;17;12;;;;
2022-11-21 00:00:00.000;;;;;;;1617;18;;;;
2022-11-23 00:00:00.000;;;;;;;1617;18;;;;
2022-11-24 00:00:00.000;;;;;;;1617;6;;;;
2022-11-25 00:00:00.000;;;;;;;1617;18;;;;
2022-11-28 00:00:00.000;;;;;;;1617;25;;;;
2022-11-29 00:00:00.000;;;;;;;1617;13;;;;
2022-12-09 00:00:00.000;;;;;;;1516;7;;;;
2022-12-16 00:00:00.000;;;;;;;1516;6;;;;
2022-12-19 00:00:00.000;;;;;;;15;6;;;;
2022-12-23 00:00:00.000;;;;;;;15;6;;;;
2023-01-08 00:00:00.000;;;;;;;14;25;;;;
2023-01-09 00:00:00.000;;;;;;;14;18;;;;
2023-01-16 00:00:00.000;;;;;;;14;25;;;;
2023-01-18 00:00:00.000;;;;;;;14;15;;;;
2023-01-21 00:00:00.000;;;;;;;1314;7;;;;
2023-01-22 00:00:00.000;;;;;;;1314;6;;;;
2023-01-23 00:00:00.000;;;;;;;13;6;;;;
2023-01-25 00:00:00.000;;;;;;;13;9;;;;
2023-02-22 00:00:00.000;;;;;;;1213;6;;;;
2023-02-23 00:00:00.000;;;;;;;1213;7;;;;
2023-02-26 00:00:00.000;;;;;;;1213;15;;;;
2023-02-27 00:00:00.000;;;;;;;1213;14;;;;
2023-02-28 00:00:00.000;;;;;;;1213;12;;;;
2023-03-13 00:00:00.000;;;;;;;1213;15;;;;
2023-03-17 00:00:00.000;;;;;;;1213;8;;;;
2023-03-19 00:00:00.000;;;;;;;1213;6;;;;
2023-03-24 00:00:00.000;;;;;;;1213;7;;;;
2023-03-26 00:00:00.000;;;;;;;1213;15;;;;
2023-03-27 00:00:00.000;;;;;;;1213;7;;;;
2023-03-31 00:00:00.000;;;;;;;13;6;;;;
2023-04-02 00:00:00.000;;;;;;;13;15;;;;
2023-04-03 00:00:00.000;;;;;;;13;6;;;;
2023-04-09 00:00:00.000;;;;;;;13;6;;;;
2023-04-12 00:00:00.000;;;;;;;13;12;;;;
2023-04-13 00:00:00.000;;;;;;;1314;15;;;;
2023-04-14 00:00:00.000;;;;;;;1314;13;;;;
2023-04-15 00:00:00.000;;;;;;;1314;7;;;;
2023-04-21 00:00:00.000;;;;;;;1314;7;;;;
2023-04-23 00:00:00.000;;;;;;;1415;8;;;;
2023-05-17 00:00:00.000;;;;;;;16;8;;;;
2023-05-18 00:00:00.000;;;;;;;16;8;;;;
2023-05-19 00:00:00.000;;;;;;;16;9;;;;
2023-05-20 00:00:00.000;;;;;;;16;9;;;;
2023-05-25 00:00:00.000;N;359;68;0;17;23;1617;7;;;;
2023-05-26 00:00:00.000;ENE;58;67;0;19;16;1617;5;;;;
2023-05-27 00:00:00.000;E;80;50;0;22;20;17;3;;;;
2023-05-28 00:00:00.000;NE;42;59;0;21;13;17;6;;;;
2023-05-29 00:00:00.000;NNW;341;81;0;19;9;17;5;;;;
2023-05-30 00:00:00.000;NE;53;65;0;20;20;17;2;;;;
2023-05-31 00:00:00.000;NNW;348;80;0;19;10;17;6;;;;
2023-06-01 00:00:00.000;NE;42;78;0;20;10;17;5;;;;
2023-06-03 00:00:00.000;NNE;30;67;0;21;12;19;2;;;;
2023-06-04 00:00:00.000;NNE;18;79;0;19;8;19;2;;;;
2023-06-05 00:00:00.000;NW;321;91;0;18;9;19;2;;;;
2023-06-06 00:00:00.000;NE;45;66;0;22;16;192;2;;;;
2023-06-07 00:00:00.000;ESE;107;36;0;26;19;192;2;;;;
2023-06-09 00:00:00.000;SE;135;55;0;24;3;20;2;;;;
2023-06-10 00:00:00.000;NNW;346;87;0;20;12;20;2;;;;
2023-06-11 00:00:00.000;NE;49;80;0;21;16;20;3;;;;
2023-06-12 00:00:00.000;NNE;29;87;0;20;13;20;3;;;;
2023-06-13 00:00:00.000;NW;311;84;0;19;22;20;1;;;;
2023-06-15 00:00:00.000;N;0;84;0;19;10;192;3;;;;
2023-06-16 00:00:00.000;ENE;60;65;0;22;19;192;3;;;;
2023-06-20 00:00:00.000;NW;323;81;0;21;14;2021;4;;;;
2023-06-21 00:00:00.000;N;3;90;0;18;6;2021;5;;;;
2023-06-22 00:00:00.000;NW;319;86;0;19;15;2021;5;;;;
2023-06-23 00:00:00.000;NE;53;71;0;21;19;2021;2;;;;
2023-06-24 00:00:00.000;ENE;63;49;0;26;22;21;2;;;;
2023-06-25 00:00:00.000;WNW;301;87;0;20;26;21;5;;;;
2023-06-26 00:00:00.000;NE;34;88;0;21;14;21;3;;;;
2023-06-27 00:00:00.000;N;4;84;0;21;12;21;1;;;;
2023-06-28 00:00:00.000;N;353;78;0;20;9;21;1;;;;
2023-07-01 00:00:00.000;NW;310;78;0;20;17;21;12;;;;
2023-07-02 00:00:00.000;N;6;88;0;20;7;21;5;;;;
2023-07-03 00:00:00.000;NNW;331;80;0;20;13;21;4;;;;
2023-07-04 00:00:00.000;NNW;343;80;0;19;9;2122;4;;;;
2023-07-05 00:00:00.000;NNW;333;85;0;20;10;2122;2;;;;
2023-07-06 00:00:00.000;NE;44;80;0;19;17;2122;5;;;;
2023-07-07 00:00:00.000;NNE;30;83;0;22;15;2122;3;;;;
2023-07-08 00:00:00.000;NNW;332;88;0;21;11;2122;2;;;;
2023-07-09 00:00:00.000;NW;325;90;0;20;16;2122;2;;;;
2023-07-10 00:00:00.000;NW;326;88;0;19;8;22;2;;;;
2023-07-11 00:00:00.000;NW;321;78;0;23;14;22;5;;;;
2023-07-13 00:00:00.000;N;356;85;0;21;10;2223;2;;;;
2023-07-14 00:00:00.000;NW;324;69;0;23;9;2223;2;;;;
2023-07-15 00:00:00.000;NW;307;89;0;20;22;2223;3;;;;
2023-07-16 00:00:00.000;NW;307;89;0;20;22;2223;3;;;;
2023-07-18 00:00:00.000;NNE;17;76;0;23;14;2223;6;;;;
2023-07-21 00:00:00.000;NW;304;85;0;19;18;2223;2;;;;
2023-07-25 00:00:00.000;NNW;337;78;0;19;8;2223;18;;;;
2023-07-26 00:00:00.000;NE;47;76;0;21;19;2223;3;;;;
2023-07-27 00:00:00.000;NW;306;79;0;21;20;2223;3;;;;
2023-07-28 00:00:00.000;NW;312;77;0;22;15;2223;3;;;;
2023-07-31 00:00:00.000;N;0;86;0;20;11;2223;2;;;;
2023-08-05 00:00:00.000;WNW;287;76;0;20;35;23;4;;;;
2023-08-11 00:00:00.000;NNW;327;95;0;21;15;2223;4;;;;
2023-08-12 00:00:00.000;NW;319;77;0;20;14;2223;6;;;;
2023-08-13 00:00:00.000;NW;319;77;0;20;14;2223;4;;;;
2023-08-15 00:00:00.000;NE;34;88;0;21;14;2223;3;;;;
2023-08-27 00:00:00.000;NNW;341;64;0;19;22;24;15;;;;
2023-08-31 00:00:00.000;N;357;67;0;20;7;2223;1;;;;
2023-09-01 00:00:00.000;N;355;51;0;25;4;2223;3;;;;
2023-09-10 00:00:00.000;SE;142;52;0;26;10;2223;1;;;;
2023-09-12 00:00:00.000;NW;320;76;0;20;12;2324;3;;;;
2023-09-14 00:00:00.000;ENE;61;84;0;20;9;23;5;;;;
2023-09-15 00:00:00.000;E;85;57;0;24;15;23;4;;;;
2023-09-17 00:00:00.000;ESE;118;56;0;25;9;23;3;;;;
2023-09-18 00:00:00.000;NW;321;82;0;20;12;23;7;;;;
2023-09-19 00:00:00.000;NNW;343;81;0;20;8;2223;3;;;;
2023-09-20 00:00:00.000;NNW;329;62;0;20;11;2223;3;;;;
2023-09-23 00:00:00.000;NW;325;57;0;19;11;2122;4;;;;
2023-09-24 00:00:00.000;ENE;63;46;0;22;10;21;1;;;;
2023-09-25 00:00:00.000;NW;312;77;0;20;20;21;3;;;;
2023-09-26 00:00:00.000;NNW;327;78;0;19;9;21;3;;;;
2023-09-27 00:00:00.000;WNW;297;63;0;21;19;21;5;;;;
2023-09-28 00:00:00.000;E;82;50;0;24;3;21;1;;;;
2023-09-29 00:00:00.000;N;356;73;0;21;10;21;4;;;;
2023-09-30 00:00:00.000;E;79;54;0;25;14;21;3;;;;
2023-10-02 00:00:00.000;NNW;335;68;0;22;10;21;6;;;;
2023-10-03 00:00:00.000;NW;321;89;0;20;12;21;7;;;;
2023-10-04 00:00:00.000;NE;53;77;0;22;14;21;6;;;;
2023-10-05 00:00:00.000;NW;322;75;0;21;8;21;5;;;;
2023-10-06 00:00:00.000;N;0;62;0;21;5;21;3;;;;
2023-10-07 00:00:00.000;NE;42;61;0;23;10;21;1;;;;
2023-10-08 00:00:00.000;NE;36;53;0;23;6;21;1;;;;
2023-10-09 00:00:00.000;ENE;63;50;0;25;9;21;1;;;;
2023-10-11 00:00:00.000;NNW;335;53;0;22;5;21;2;;;;
2023-10-12 00:00:00.000;N;8;54;0;23;5;21;2;;;;
2023-10-13 00:00:00.000;SW;218;41;0;24;14;21;4;;;;
2023-10-15 00:00:00.000;E;79;62;0;13;17;21;6;;;;
2023-10-17 00:00:00.000;WNW;293;86;0;19;9;20;6;;;;
2023-10-18 00:00:00.000;W;275;76;0;16;41;20;5;;;;
2023-10-19 00:00:00.000;SW;222;64;0;20;26;20;8;;;;
2023-10-20 00:00:00.000;WNW;282;72;0;18;37;192;5;;;;
2023-10-22 00:00:00.000;W;270;56;0;16;7;192;4;;;;
2023-10-23 00:00:00.000;W;274;73;0;16;40;19;7;;;;
2023-10-24 00:00:00.000;SW;227;53;0;17;7;19;5;;;;
2023-10-25 00:00:00.000;SW;220;64;0;17;27;19;3;;;;
2023-10-26 00:00:00.000;WNW;287;85;0;16;23;19;15;;;;
2023-10-29 00:00:00.000;SSW;195;56;0;19;19;1819;7;;;;
2023-10-30 00:00:00.000;W;267;75;0;16;7;1819;8;;;;
2023-10-31 00:00:00.000;W;275;60;0;16;8;1819;3;;;;
2023-11-01 00:00:00.000;SW;226;66;0;16;23;1819;15;;;;
2023-11-03 00:00:00.000;W;275;82;0;13;34;18;3;;;;
2023-11-04 00:00:00.000;W;275;61;0;17;35;18;5;;;;
2023-11-05 00:00:00.000;WNW;283;71;0;14;34;18;1;;;;
2023-11-07 00:00:00.000;WNW;292;83;0;13;21;18;12;;;;
2023-11-08 00:00:00.000;SSW;209;56;0;12;18;18;5;;;;
2023-11-09 00:00:00.000;W;281;85;0;13;22;18;14;;;;
2023-11-11 00:00:00.000;W;277;93;0;15;17;18;4;;;;
2023-11-12 00:00:00.000;WNW;285;80;0;15;30;18;6;;;;
2023-11-13 00:00:00.000;W;261;72;0;18;7;18;5;;;;
2023-11-14 00:00:00.000;WSW;256;63;0;19;9;18;5;;;;
2023-11-15 00:00:00.000;WSW;252;80;0;16;7;1718;3;;;;
2023-11-17 00:00:00.000;E;86;71;0;16;5;17;2;;;;
2023-11-18 00:00:00.000;SW;230;62;0;19;11;17;1;;;;
2023-11-19 00:00:00.000;WSW;239;57;0;17;9;17;1;;;;
2023-11-20 00:00:00.000;W;278;84;0;14;24;17;1;;;;
2023-11-23 00:00:00.000;NW;313;82;0;10;9;17;6;;;;
2023-11-24 00:00:00.000;WNW;284;89;0;11;21;17;6;;;;
2023-11-25 00:00:00.000;E;88;72;0;8;12;17;6;;;;
2023-11-26 00:00:00.000;ESE;111;49;0;10;13;17;5;;;;
2023-11-28 00:00:00.000;WSW;243;84;0;11;2;1617;12;;;;
2023-11-29 00:00:00.000;S;180;73;0;15;1;16;4;;;;
2023-11-30 00:00:00.000;W;279;87;0;11;24;16;8;;;;
2023-12-01 00:00:00.000;WNW;303;89;0;11;23;16;3;;;;
2023-12-03 00:00:00.000;W;259;58;0;9;6;1516;3;;;;
2023-12-04 00:00:00.000;SW;220;57;0;13;27;1516;15;;;;
2023-12-05 00:00:00.000;W;278;77;0;11;27;1516;1;;;;
2023-12-06 00:00:00.000;SSW;197;50;0;12;10;1516;5;;;;
2023-12-07 00:00:00.000;WSW;245;68;0;15;21;1516;5;;;;
2023-12-09 00:00:00.000;SW;216;67;0;12;13;1516;5;;;;
2023-12-10 00:00:00.000;SW;216;66;0;16;23;1516;4;;;;
2023-12-11 00:00:00.000;W;266;52;0;15;5;1516;4;;;;
2023-12-12 00:00:00.000;SW;230;65;0;16;16;1516;6;;;;
2023-12-13 00:00:00.000;W;281;84;0;10;36;1516;13;;;;
2023-12-16 00:00:00.000;ENE;77;74;0;10;10;15;2;;;;
2023-12-17 00:00:00.000;W;278;66;0;9;17;15;2;;;;
2023-12-18 00:00:00.000;NNE;14;55;0;10;3;15;2;;;;
2023-12-19 00:00:00.000;NW;310;90;0;7;8;15;3;;;;
2023-12-22 00:00:00.000;W;281;81;0;11;28;15;14;;;;
2023-12-23 00:00:00.000;WNW;294;74;0;11;15;1415;5;;;;
2023-12-24 00:00:00.000;WNW;285;51;0;11;6;1415;1;;;;
2023-12-25 00:00:00.000;WNW;300;56;0;11;7;1415;1;;;;
2023-12-26 00:00:00.000;WNW;302;54;0;11;5;1415;1;;;;
2023-12-27 00:00:00.000;SSW;208;39;0;12;25;1415;3;;;;
2023-12-28 00:00:00.000;WNW;293;63;0;11;9;1415;3;;;;
2023-12-29 00:00:00.000;W;270;86;0;11;7;1415;2;;;;
2023-12-30 00:00:00.000;WNW;282;77;0;11;25;14;3;;;;
2023-12-31 00:00:00.000;W;281;73;0;12;15;14;12;;;;
2024-01-01 00:00:00.000;SW;230;55;0;12;8;;;;;;
2024-01-02 00:00:00.000;SW;466;128;0;28;46;28;8;;;;
2024-01-03 00:00:00.000;WNW;568;150;0;24;40;28;12;;;;
2024-01-04 00:00:00.000;W;558;160;0;22;30;28;12;;;;
2024-01-07 00:00:00.000;NE;98;154;0;16;20;28;24;;;;
2024-01-08 00:00:00.000;E;160;166;0;14;28;28;8;;;;
2024-01-09 00:00:00.000;E;180;112;0;8;26;28;12;;;;
2024-01-10 00:00:00.000;E;190;120;0;8;16;28;4;;;;
2024-01-11 00:00:00.000;E;168;140;0;14;36;28;4;;;;
2024-01-12 00:00:00.000;E;162;126;0;14;24;28;2;;;;
2024-01-13 00:00:00.000;S;380;116;0;22;26;26;6;;;;
2024-01-14 00:00:00.000;W;518;158;0;24;12;26;2;;;;
2024-01-15 00:00:00.000;E;172;180;0;22;22;26;6;;;;
2024-01-18 00:00:00.000;WNW;570;152;0;26;18;26;2;;;;
2024-01-19 00:00:00.000;E;186;130;0;14;24;26;2;;;;
2024-01-20 00:00:00.000;NNW;690;114;0;16;12;26;6;;;;
2024-01-21 00:00:00.000;NW;638;134;0;22;14;26;8;;;;
2024-01-22 00:00:00.000;SW;442;136;0;24;14;26;1;;;;
2024-01-23 00:00:00.000;SSW;410;132;0;26;16;26;6;;;;
2024-01-24 00:00:00.000;NNE;48;140;0;26;8;26;8;;;;
2024-01-25 00:00:00.000;NW;652;118;0;26;2;26;12;;;;
2024-01-26 00:00:00.000;NE;80;118;0;26;6;26;8;;;;
2024-01-27 00:00:00.000;S;382;106;0;32;38;26;8;;;;
2024-01-28 00:00:00.000;SSW;396;102;0;34;34;26;6;;;;
2024-01-29 00:00:00.000;S;360;118;0;30;36;26;6;;;;
2024-01-30 00:00:00.000;S;356;120;0;30;36;26;2;;;;
2024-01-31 00:00:00.000;SSE;334;116;0;30;20;26;2;;;;
2024-02-01 00:00:00.000;NNW;656;142;0;26;14;26;6;;;;
2024-02-02 00:00:00.000;NNE;56;184;0;22;12;26;4;;;;
2024-02-03 00:00:00.000;NNW;678;184;0;20;12;2628;6;;;;
2024-02-04 00:00:00.000;NNW;660;186;0;22;14;2628;4;;;;
2024-02-05 00:00:00.000;NW;612;152;0;24;20;2628;4;;;;
2024-02-06 00:00:00.000;N;708;158;0;24;8;2628;6;;;;
2024-02-07 00:00:00.000;SW;440;112;0;28;28;2628;6;;;;
2024-02-09 00:00:00.000;NW;612;146;0;26;24;2628;12;;;;
2024-02-10 00:00:00.000;WNW;578;156;0;20;80;2628;5;;;;
2024-02-12 00:00:00.000;WNW;594;158;0;24;22;2628;7;;;;
2024-02-14 00:00:00.000;S;348;112;0;32;6;2628;1;;;;
2024-02-16 00:00:00.000;WNW;600;146;0;28;18;2628;1;;;;
2024-02-17 00:00:00.000;NE;96;148;0;24;8;2628;4;;;;
2024-02-19 00:00:00.000;NW;630;190;0;24;20;2628;6;;;;
2024-02-20 00:00:00.000;ENE;128;154;0;24;24;26;6;;;;
2024-02-21 00:00:00.000;SW;470;110;0;28;8;26;4;;;;
2024-02-24 00:00:00.000;W;560;154;0;22;62;26;6;;;;
2024-02-28 00:00:00.000;NW;648;168;0;20;50;26;12;;;;
2024-02-29 00:00:00.000;WNW;570;134;0;24;52;26;3;;;;
2024-03-01 00:00:00.000;WNW;574;130;0;24;60;26;18;;;;
2024-03-03 00:00:00.000;WNW;588;150;0;20;34;26;28;;;;
2024-03-04 00:00:00.000;WNW;584;168;0;22;42;2426;3;;;;
2024-03-05 00:00:00.000;N;0;110;0;22;2;2426;2;;;;
2024-03-06 00:00:00.000;S;358;76;0;30;34;2426;1;;;;
2024-03-07 00:00:00.000;SSE;298;82;0;28;36;2426;1;;;;
2024-03-09 00:00:00.000;WNW;582;122;0;22;64;2426;1;;;;
2024-03-10 00:00:00.000;WNW;580;126;0;20;58;2426;4;;;;
2024-03-12 00:00:00.000;NW;626;144;0;24;24;2426;16;;;;
2024-03-13 00:00:00.000;S;360;102;0;30;24;2426;8;;;;
2024-03-14 00:00:00.000;WNW;594;156;0;26;20;2426;6;;;;
2024-03-15 00:00:00.000;NNW;674;126;0;32;6;2426;4;;;;
2024-03-16 00:00:00.000;SSW;424;102;0;36;32;2426;6;;;;
2024-03-17 00:00:00.000;SSW;424;86;0;38;38;26;4;;;;
2024-03-18 00:00:00.000;WNW;604;154;0;26;42;26;6;;;;
2024-03-19 00:00:00.000;ENE;120;148;0;26;18;26;6;;;;
2024-03-21 00:00:00.000;NNW;694;194;0;24;12;26;6;;;;
2024-03-22 00:00:00.000;E;180;118;0;34;18;26;12;;;;
2024-03-24 00:00:00.000;ENE;138;130;0;22;36;26;1;;;;
2024-03-26 00:00:00.000;WNW;576;108;0;22;64;26;8;;;;
2024-03-30 00:00:00.000;WSW;504;94;0;30;22;28;12;;;;
2024-03-31 00:00:00.000;SSW;406;102;0;28;52;28;16;;;;
2024-04-01 00:00:00.000;WNW;580;132;0;26;80;28;1;;;;
2024-04-02 00:00:00.000;SW;446;88;0;32;46;28;8;;;;
2024-04-03 00:00:00.000;N;0;134;0;28;10;28;6;;;;
2024-04-04 00:00:00.000;SSW;416;88;0;38;42;28;6;;;;
2024-04-05 00:00:00.000;S;372;90;0;42;48;28;8;;;;
2024-04-08 00:00:00.000;SW;428;66;0;38;36;28;24;;;;
2024-04-09 00:00:00.000;NW;624;146;0;24;38;28;2;;;;
2024-04-10 00:00:00.000;N;0;106;0;30;12;28;4;;;;
2024-04-11 00:00:00.000;ENE;138;96;0;34;24;28;1;;;;
2024-04-12 00:00:00.000;N;22;102;0;36;14;28;1;;;;
2024-04-13 00:00:00.000;NNW;680;122;0;34;14;28;2;;;;
2024-04-14 00:00:00.000;NW;628;168;0;30;30;28;6;;;;
2024-04-15 00:00:00.000;NNW;658;164;0;24;30;28;1;;;;
2024-04-16 00:00:00.000;WNW;592;176;0;22;44;28;12;;;;
2024-04-17 00:00:00.000;NNE;44;162;0;24;22;28;12;;;;
2024-04-18 00:00:00.000;ENE;114;132;0;24;40;28;6;;;;
2024-04-19 00:00:00.000;ENE;130;90;0;26;42;28;6;;;;
2024-04-20 00:00:00.000;NE;110;90;0;28;38;28;6;;;;
2024-04-21 00:00:00.000;NE;80;124;0;24;30;28;16;;;;
2024-04-22 00:00:00.000;NNE;40;138;0;20;40;28;2;;;;
2024-04-23 00:00:00.000;NNW;660;152;0;20;42;28;16;;;;
2024-04-24 00:00:00.000;NW;616;164;0;24;40;28;12;;;;
2024-04-25 00:00:00.000;NW;620;172;0;22;42;28;1;;;;
2024-04-26 00:00:00.000;NNW;664;166;0;22;22;28;12;;;;
2024-04-27 00:00:00.000;SW;458;90;0;32;20;28;16;;;;
2024-04-28 00:00:00.000;NNW;680;134;0;26;20;28;1;;;;
2024-04-30 00:00:00.000;N;22;166;0;24;16;28;1;;;;
2024-05-02 00:00:00.000;NW;616;150;0;22;38;28;1;;;;
2024-05-03 00:00:00.000;NW;608;128;0;28;40;28;4;;;;
2024-05-05 00:00:00.000;NNE;46;106;0;36;22;28;1;;;;
2024-05-06 00:00:00.000;NW;618;150;0;30;36;28;3;;;;
2024-05-07 00:00:00.000;NW;624;150;0;26;34;28;3;;;;
2024-05-08 00:00:00.000;NE;108;150;0;30;30;28;8;;;;
2024-05-09 00:00:00.000;NE;104;142;0;34;36;28;8;;;;
2024-05-10 00:00:00.000;N;6;90;0;42;12;283;6;;;;
2024-05-11 00:00:00.000;E;180;76;0;46;26;283;1;;;;
2024-05-12 00:00:00.000;NE;90;94;0;44;6;283;1;;;;
2024-05-14 00:00:00.000;WNW;600;140;0;28;54;283;1;;;;
2024-05-15 00:00:00.000;NW;308;64;0;15;21;;;;;;
2024-05-16 00:00:00.000;WNW;302;63;0;15;22;;;;;;
2024-05-17 00:00:00.000;NW;314;66;0;15;16;;;;;;
2023-05-25 00:00:00.000;N;359;68;0;17;23;1617;7;;;;
2023-05-26 00:00:00.000;ENE;58;67;0;19;16;1617;5;;;;
2023-05-27 00:00:00.000;E;80;50;0;22;20;17;3;;;;
2023-05-28 00:00:00.000;NE;42;59;0;21;13;17;6;;;;
2023-05-29 00:00:00.000;NNW;341;81;0;19;9;17;5;;;;
2023-05-30 00:00:00.000;NE;53;65;0;20;20;17;2;;;;
2023-05-31 00:00:00.000;NNW;348;80;0;19;10;17;6;;;;
2023-06-01 00:00:00.000;NE;42;78;0;20;10;17;5;;;;
2023-06-03 00:00:00.000;NNE;30;67;0;21;12;19;2;;;;
2023-06-04 00:00:00.000;NNE;18;79;0;19;8;19;2;;;;
2023-06-05 00:00:00.000;NW;321;91;0;18;9;19;2;;;;
2023-06-06 00:00:00.000;NE;45;66;0;22;16;192;2;;;;
2023-06-07 00:00:00.000;ESE;107;36;0;26;19;192;2;;;;
2023-06-09 00:00:00.000;SE;135;55;0;24;3;20;2;;;;
2023-06-10 00:00:00.000;NNW;346;87;0;20;12;20;2;;;;
2023-06-11 00:00:00.000;NE;49;80;0;21;16;20;3;;;;
2023-06-12 00:00:00.000;NNE;29;87;0;20;13;20;3;;;;
2023-06-13 00:00:00.000;NW;311;84;0;19;22;20;1;;;;
2023-06-15 00:00:00.000;N;0;84;0;19;10;192;3;;;;
2023-06-16 00:00:00.000;ENE;60;65;0;22;19;192;3;;;;
2023-06-20 00:00:00.000;NW;323;81;0;21;14;2021;4;;;;
2023-06-21 00:00:00.000;N;3;90;0;18;6;2021;5;;;;
2023-06-22 00:00:00.000;NW;319;86;0;19;15;2021;5;;;;
2023-06-23 00:00:00.000;NE;53;71;0;21;19;2021;2;;;;
2023-06-24 00:00:00.000;ENE;63;49;0;26;22;21;2;;;;
2023-06-25 00:00:00.000;WNW;301;87;0;20;26;21;5;;;;
2023-06-26 00:00:00.000;NE;34;88;0;21;14;21;3;;;;
2023-06-27 00:00:00.000;N;4;84;0;21;12;21;1;;;;
2023-06-28 00:00:00.000;N;353;78;0;20;9;21;1;;;;
2023-07-01 00:00:00.000;NW;310;78;0;20;17;21;12;;;;
2023-07-02 00:00:00.000;N;6;88;0;20;7;21;5;;;;
2023-07-03 00:00:00.000;NNW;331;80;0;20;13;21;4;;;;
2023-07-04 00:00:00.000;NNW;343;80;0;19;9;2122;4;;;;
2023-07-05 00:00:00.000;NNW;333;85;0;20;10;2122;2;;;;
2023-07-06 00:00:00.000;NE;44;80;0;19;17;2122;5;;;;
2023-07-07 00:00:00.000;NNE;30;83;0;22;15;2122;3;;;;
2023-07-08 00:00:00.000;NNW;332;88;0;21;11;2122;2;;;;
2023-07-09 00:00:00.000;NW;325;90;0;20;16;2122;2;;;;
2023-07-10 00:00:00.000;NW;326;88;0;19;8;22;2;;;;
2023-07-11 00:00:00.000;NW;321;78;0;23;14;22;5;;;;
2023-07-13 00:00:00.000;N;356;85;0;21;10;2223;2;;;;
2023-07-14 00:00:00.000;NW;324;69;0;23;9;2223;2;;;;
2023-07-15 00:00:00.000;NW;307;89;0;20;22;2223;3;;;;
2023-07-16 00:00:00.000;NW;307;89;0;20;22;2223;3;;;;
2023-07-18 00:00:00.000;NNE;17;76;0;23;14;2223;6;;;;
2023-07-21 00:00:00.000;NW;304;85;0;19;18;2223;2;;;;
2023-07-25 00:00:00.000;NNW;337;78;0;19;8;2223;18;;;;
2023-07-26 00:00:00.000;NE;47;76;0;21;19;2223;3;;;;
2023-07-27 00:00:00.000;NW;306;79;0;21;20;2223;3;;;;
2023-07-28 00:00:00.000;NW;312;77;0;22;15;2223;3;;;;
2023-07-31 00:00:00.000;N;0;86;0;20;11;2223;2;;;;
2023-08-05 00:00:00.000;WNW;287;76;0;20;35;23;4;;;;
2023-08-11 00:00:00.000;NNW;327;95;0;21;15;2223;4;;;;
2023-08-12 00:00:00.000;NW;319;77;0;20;14;2223;6;;;;
2023-08-13 00:00:00.000;NW;319;77;0;20;14;2223;4;;;;
2023-08-15 00:00:00.000;NE;34;88;0;21;14;2223;3;;;;
2023-08-27 00:00:00.000;NNW;341;64;0;19;22;24;15;;;;
2023-08-31 00:00:00.000;N;357;67;0;20;7;2223;1;;;;
2023-09-01 00:00:00.000;N;355;51;0;25;4;2223;3;;;;
2023-09-10 00:00:00.000;SE;142;52;0;26;10;2223;1;;;;
2023-09-12 00:00:00.000;NW;320;76;0;20;12;2324;3;;;;
2023-09-14 00:00:00.000;ENE;61;84;0;20;9;23;5;;;;
2023-09-15 00:00:00.000;E;85;57;0;24;15;23;4;;;;
2023-09-17 00:00:00.000;ESE;118;56;0;25;9;23;3;;;;
2023-09-18 00:00:00.000;NW;321;82;0;20;12;23;7;;;;
2023-09-19 00:00:00.000;NNW;343;81;0;20;8;2223;3;;;;
2023-09-20 00:00:00.000;NNW;329;62;0;20;11;2223;3;;;;
2023-09-23 00:00:00.000;NW;325;57;0;19;11;2122;4;;;;
2023-09-24 00:00:00.000;ENE;63;46;0;22;10;21;1;;;;
2023-09-25 00:00:00.000;NW;312;77;0;20;20;21;3;;;;
2023-09-26 00:00:00.000;NNW;327;78;0;19;9;21;3;;;;
2023-09-27 00:00:00.000;WNW;297;63;0;21;19;21;5;;;;
2023-09-28 00:00:00.000;E;82;50;0;24;3;21;1;;;;
2023-09-29 00:00:00.000;N;356;73;0;21;10;21;4;;;;
2023-09-30 00:00:00.000;E;79;54;0;25;14;21;3;;;;
2023-10-02 00:00:00.000;NNW;335;68;0;22;10;21;6;;;;
2023-10-03 00:00:00.000;NW;321;89;0;20;12;21;7;;;;
2023-10-04 00:00:00.000;NE;53;77;0;22;14;21;6;;;;
2023-10-05 00:00:00.000;NW;322;75;0;21;8;21;5;;;;
2023-10-06 00:00:00.000;N;0;62;0;21;5;21;3;;;;
2023-10-07 00:00:00.000;NE;42;61;0;23;10;21;1;;;;
2023-10-08 00:00:00.000;NE;36;53;0;23;6;21;1;;;;
2023-10-09 00:00:00.000;ENE;63;50;0;25;9;21;1;;;;
2023-10-11 00:00:00.000;NNW;335;53;0;22;5;21;2;;;;
2023-10-12 00:00:00.000;N;8;54;0;23;5;21;2;;;;
2023-10-13 00:00:00.000;SW;218;41;0;24;14;21;4;;;;
2023-10-15 00:00:00.000;E;79;62;0;13;17;21;6;;;;
2023-10-17 00:00:00.000;WNW;293;86;0;19;9;20;6;;;;
2023-10-18 00:00:00.000;W;275;76;0;16;41;20;5;;;;
2023-10-19 00:00:00.000;SW;222;64;0;20;26;20;8;;;;
2023-10-20 00:00:00.000;WNW;282;72;0;18;37;192;5;;;;
2023-10-22 00:00:00.000;W;270;56;0;16;7;192;4;;;;
2023-10-23 00:00:00.000;W;274;73;0;16;40;19;7;;;;
2023-10-24 00:00:00.000;SW;227;53;0;17;7;19;5;;;;
2023-10-25 00:00:00.000;SW;220;64;0;17;27;19;3;;;;
2023-10-26 00:00:00.000;WNW;287;85;0;16;23;19;15;;;;
2023-10-29 00:00:00.000;SSW;195;56;0;19;19;1819;7;;;;
2023-10-30 00:00:00.000;W;267;75;0;16;7;1819;8;;;;
2023-10-31 00:00:00.000;W;275;60;0;16;8;1819;3;;;;
2023-11-01 00:00:00.000;SW;226;66;0;16;23;1819;15;;;;
2023-11-03 00:00:00.000;W;275;82;0;13;34;18;3;;;;
2023-11-04 00:00:00.000;W;275;61;0;17;35;18;5;;;;
2023-11-05 00:00:00.000;WNW;283;71;0;14;34;18;1;;;;
2023-11-07 00:00:00.000;WNW;292;83;0;13;21;18;12;;;;
2023-11-08 00:00:00.000;SSW;209;56;0;12;18;18;5;;;;
2023-11-09 00:00:00.000;W;281;85;0;13;22;18;14;;;;
2023-11-11 00:00:00.000;W;277;93;0;15;17;18;4;;;;
2023-11-12 00:00:00.000;WNW;285;80;0;15;30;18;6;;;;
2023-11-13 00:00:00.000;W;261;72;0;18;7;18;5;;;;
2023-11-14 00:00:00.000;WSW;256;63;0;19;9;18;5;;;;
2023-11-15 00:00:00.000;WSW;252;80;0;16;7;1718;3;;;;
2023-11-17 00:00:00.000;E;86;71;0;16;5;17;2;;;;
2023-11-18 00:00:00.000;SW;230;62;0;19;11;17;1;;;;
2023-11-19 00:00:00.000;WSW;239;57;0;17;9;17;1;;;;
2023-11-20 00:00:00.000;W;278;84;0;14;24;17;1;;;;
2023-11-23 00:00:00.000;NW;313;82;0;10;9;17;6;;;;
2023-11-24 00:00:00.000;WNW;284;89;0;11;21;17;6;;;;
2023-11-25 00:00:00.000;E;88;72;0;8;12;17;6;;;;
2023-11-26 00:00:00.000;ESE;111;49;0;10;13;17;5;;;;
2023-11-28 00:00:00.000;WSW;243;84;0;11;2;1617;12;;;;
2023-11-29 00:00:00.000;S;180;73;0;15;1;16;4;;;;
2023-11-30 00:00:00.000;W;279;87;0;11;24;16;8;;;;
2023-12-01 00:00:00.000;WNW;303;89;0;11;23;16;3;;;;
2023-12-03 00:00:00.000;W;259;58;0;9;6;1516;3;;;;
2023-12-04 00:00:00.000;SW;220;57;0;13;27;1516;15;;;;
2023-12-05 00:00:00.000;W;278;77;0;11;27;1516;1;;;;
2023-12-06 00:00:00.000;SSW;197;50;0;12;10;1516;5;;;;
2023-12-07 00:00:00.000;WSW;245;68;0;15;21;1516;5;;;;
2023-12-09 00:00:00.000;SW;216;67;0;12;13;1516;5;;;;
2023-12-10 00:00:00.000;SW;216;66;0;16;23;1516;4;;;;
2023-12-11 00:00:00.000;W;266;52;0;15;5;1516;4;;;;
2023-12-12 00:00:00.000;SW;230;65;0;16;16;1516;6;;;;
2023-12-13 00:00:00.000;W;281;84;0;10;36;1516;13;;;;
2023-12-16 00:00:00.000;ENE;77;74;0;10;10;15;2;;;;
2023-12-17 00:00:00.000;W;278;66;0;9;17;15;2;;;;
2023-12-18 00:00:00.000;NNE;14;55;0;10;3;15;2;;;;
2023-12-19 00:00:00.000;NW;310;90;0;7;8;15;3;;;;
2023-12-22 00:00:00.000;W;281;81;0;11;28;15;14;;;;
2023-12-23 00:00:00.000;WNW;294;74;0;11;15;1415;5;;;;
2023-12-24 00:00:00.000;WNW;285;51;0;11;6;1415;1;;;;
2023-12-25 00:00:00.000;WNW;300;56;0;11;7;1415;1;;;;
2023-12-26 00:00:00.000;WNW;302;54;0;11;5;1415;1;;;;
2023-12-27 00:00:00.000;SSW;208;39;0;12;25;1415;3;;;;
2023-12-28 00:00:00.000;WNW;293;63;0;11;9;1415;3;;;;
2023-12-29 00:00:00.000;W;270;86;0;11;7;1415;2;;;;
2023-12-30 00:00:00.000;WNW;282;77;0;11;25;14;3;;;;
2023-12-31 00:00:00.000;W;281;73;0;12;15;14;12;;;;
2024-01-02 00:00:00.000;SW;466;128;0;28;46;28;8;;;;
2024-01-03 00:00:00.000;WNW;568;150;0;24;40;28;12;;;;
2024-01-04 00:00:00.000;W;558;160;0;22;30;28;12;;;;
2024-01-07 00:00:00.000;NE;98;154;0;16;20;28;24;;;;
2024-01-08 00:00:00.000;E;160;166;0;14;28;28;8;;;;
2024-01-09 00:00:00.000;E;180;112;0;8;26;28;12;;;;
2024-01-10 00:00:00.000;E;190;120;0;8;16;28;4;;;;
2024-01-11 00:00:00.000;E;168;140;0;14;36;28;4;;;;
2024-01-12 00:00:00.000;E;162;126;0;14;24;28;2;;;;
2024-01-13 00:00:00.000;S;380;116;0;22;26;26;6;;;;
2024-01-14 00:00:00.000;W;518;158;0;24;12;26;2;;;;
2024-01-15 00:00:00.000;E;172;180;0;22;22;26;6;;;;
2024-01-18 00:00:00.000;WNW;570;152;0;26;18;26;2;;;;
2024-01-19 00:00:00.000;E;186;130;0;14;24;26;2;;;;
2024-01-20 00:00:00.000;NNW;690;114;0;16;12;26;6;;;;
2024-01-21 00:00:00.000;NW;638;134;0;22;14;26;8;;;;
2024-01-22 00:00:00.000;SW;442;136;0;24;14;26;1;;;;
2024-01-23 00:00:00.000;SSW;410;132;0;26;16;26;6;;;;
2024-01-24 00:00:00.000;NNE;48;140;0;26;8;26;8;;;;
2024-01-25 00:00:00.000;NW;652;118;0;26;2;26;12;;;;
2024-01-26 00:00:00.000;NE;80;118;0;26;6;26;8;;;;
2024-01-27 00:00:00.000;S;382;106;0;32;38;26;8;;;;
2024-01-28 00:00:00.000;SSW;396;102;0;34;34;26;6;;;;
2024-01-29 00:00:00.000;S;360;118;0;30;36;26;6;;;;
2024-01-30 00:00:00.000;S;356;120;0;30;36;26;2;;;;
2024-01-31 00:00:00.000;SSE;334;116;0;30;20;26;2;;;;
2024-02-01 00:00:00.000;NNW;656;142;0;26;14;26;6;;;;
2024-02-02 00:00:00.000;NNE;56;184;0;22;12;26;4;;;;
2024-02-03 00:00:00.000;NNW;678;184;0;20;12;2628;6;;;;
2024-02-04 00:00:00.000;NNW;660;186;0;22;14;2628;4;;;;
2024-02-05 00:00:00.000;NW;612;152;0;24;20;2628;4;;;;
2024-02-06 00:00:00.000;N;708;158;0;24;8;2628;6;;;;
2024-02-07 00:00:00.000;SW;440;112;0;28;28;2628;6;;;;
2024-02-09 00:00:00.000;NW;612;146;0;26;24;2628;12;;;;
2024-02-10 00:00:00.000;WNW;578;156;0;20;80;2628;5;;;;
2024-02-12 00:00:00.000;WNW;594;158;0;24;22;2628;7;;;;
2024-02-14 00:00:00.000;S;348;112;0;32;6;2628;1;;;;
2024-02-16 00:00:00.000;WNW;600;146;0;28;18;2628;1;;;;
2024-02-17 00:00:00.000;NE;96;148;0;24;8;2628;4;;;;
2024-02-19 00:00:00.000;NW;630;190;0;24;20;2628;6;;;;
2024-02-20 00:00:00.000;ENE;128;154;0;24;24;26;6;;;;
2024-02-21 00:00:00.000;SW;470;110;0;28;8;26;4;;;;
2024-02-24 00:00:00.000;W;560;154;0;22;62;26;6;;;;
2024-02-28 00:00:00.000;NW;648;168;0;20;50;26;12;;;;
2024-02-29 00:00:00.000;WNW;570;134;0;24;52;26;3;;;;
2024-03-01 00:00:00.000;WNW;574;130;0;24;60;26;18;;;;
2024-03-03 00:00:00.000;WNW;588;150;0;20;34;26;28;;;;
2024-03-04 00:00:00.000;WNW;584;168;0;22;42;2426;3;;;;
2024-03-05 00:00:00.000;N;0;110;0;22;2;2426;2;;;;
2024-03-06 00:00:00.000;S;358;76;0;30;34;2426;1;;;;
2024-03-07 00:00:00.000;SSE;298;82;0;28;36;2426;1;;;;
2024-03-09 00:00:00.000;WNW;582;122;0;22;64;2426;1;;;;
2024-03-10 00:00:00.000;WNW;580;126;0;20;58;2426;4;;;;
2024-03-12 00:00:00.000;NW;626;144;0;24;24;2426;16;;;;
2024-03-13 00:00:00.000;S;360;102;0;30;24;2426;8;;;;
2024-03-14 00:00:00.000;WNW;594;156;0;26;20;2426;6;;;;
2024-03-15 00:00:00.000;NNW;674;126;0;32;6;2426;4;;;;
2024-03-16 00:00:00.000;SSW;424;102;0;36;32;2426;6;;;;
2024-03-17 00:00:00.000;SSW;424;86;0;38;38;26;4;;;;
2024-03-18 00:00:00.000;WNW;604;154;0;26;42;26;6;;;;
2024-03-19 00:00:00.000;ENE;120;148;0;26;18;26;6;;;;
2024-03-21 00:00:00.000;NNW;694;194;0;24;12;26;6;;;;
2024-03-22 00:00:00.000;E;180;118;0;34;18;26;12;;;;
2024-03-24 00:00:00.000;ENE;138;130;0;22;36;26;1;;;;
2024-03-26 00:00:00.000;WNW;576;108;0;22;64;26;8;;;;
2024-03-30 00:00:00.000;WSW;504;94;0;30;22;28;12;;;;
2024-03-31 00:00:00.000;SSW;406;102;0;28;52;28;16;;;;
2024-04-01 00:00:00.000;WNW;580;132;0;26;80;28;1;;;;
2024-04-02 00:00:00.000;SW;446;88;0;32;46;28;8;;;;
2024-04-03 00:00:00.000;N;0;134;0;28;10;28;6;;;;
2024-04-04 00:00:00.000;SSW;416;88;0;38;42;28;6;;;;
2024-04-05 00:00:00.000;S;372;90;0;42;48;28;8;;;;
2024-04-08 00:00:00.000;SW;428;66;0;38;36;28;24;;;;
2024-04-09 00:00:00.000;NW;624;146;0;24;38;28;2;;;;
2024-04-10 00:00:00.000;N;0;106;0;30;12;28;4;;;;
2024-04-11 00:00:00.000;ENE;138;96;0;34;24;28;1;;;;
2024-04-12 00:00:00.000;N;22;102;0;36;14;28;1;;;;
2024-04-13 00:00:00.000;NNW;680;122;0;34;14;28;2;;;;
2024-04-14 00:00:00.000;NW;628;168;0;30;30;28;6;;;;
2024-04-15 00:00:00.000;NNW;658;164;0;24;30;28;1;;;;
2024-04-16 00:00:00.000;WNW;592;176;0;22;44;28;12;;;;
2024-04-17 00:00:00.000;NNE;44;162;0;24;22;28;12;;;;
2024-04-18 00:00:00.000;ENE;114;132;0;24;40;28;6;;;;
2024-04-19 00:00:00.000;ENE;130;90;0;26;42;28;6;;;;
2024-04-20 00:00:00.000;NE;110;90;0;28;38;28;6;;;;
2024-04-21 00:00:00.000;NE;80;124;0;24;30;28;16;;;;
2024-04-22 00:00:00.000;NNE;40;138;0;20;40;28;2;;;;
2024-04-23 00:00:00.000;NNW;660;152;0;20;42;28;16;;;;
2024-04-24 00:00:00.000;NW;616;164;0;24;40;28;12;;;;
2024-04-25 00:00:00.000;NW;620;172;0;22;42;28;1;;;;
2024-04-26 00:00:00.000;NNW;664;166;0;22;22;28;12;;;;
2024-04-27 00:00:00.000;SW;458;90;0;32;20;28;16;;;;
2024-04-28 00:00:00.000;NNW;680;134;0;26;20;28;1;;;;
2024-04-30 00:00:00.000;N;22;166;0;24;16;28;1;;;;
2024-05-02 00:00:00.000;NW;616;150;0;22;38;28;1;;;;
2024-05-03 00:00:00.000;NW;608;128;0;28;40;28;4;;;;
2024-05-05 00:00:00.000;NNE;46;106;0;36;22;28;1;;;;
2024-05-06 00:00:00.000;NW;618;150;0;30;36;28;3;;;;
2024-05-07 00:00:00.000;NW;624;150;0;26;34;28;3;;;;
2024-05-08 00:00:00.000;NE;108;150;0;30;30;28;8;;;;
2024-05-09 00:00:00.000;NE;104;142;0;34;36;28;8;;;;
2024-05-10 00:00:00.000;N;6;90;0;42;12;283;6;;;;
2024-05-11 00:00:00.000;E;180;76;0;46;26;283;1;;;;
2024-05-12 00:00:00.000;NE;90;94;0;44;6;283;1;;;;
2024-05-14 00:00:00.000;WNW;600;140;0;28;54;283;1;;;;
2023-07-12 00:00:00.000;N;351;84;0;20;12;2223;2;1;;;
2023-07-17 00:00:00.000;NW;311;86;0;20;15;2223;5;16;;;
2023-07-19 00:00:00.000;NW;317;92;0;20;13;2223;2;24;;;
2023-07-20 00:00:00.000;N;0;82;0;19;8;2223;2;22;;;
2023-07-22 00:00:00.000;N;356;81;0;20;9;2223;1;138;;;
2023-07-23 00:00:00.000;NW;323;88;0;21;11;2223;1;243;;;
2023-07-24 00:00:00.000;NW;309;70;0;21;21;2223;6;1278;;;
2023-07-29 00:00:00.000;N;351;86;0;20;16;2223;5;10;;;
2023-07-30 00:00:00.000;NW;312;82;0;20;16;2223;2;115;;;
2023-08-01 00:00:00.000;NNW;332;86;0;20;9;2223;5;109;;;
2023-08-04 00:00:00.000;NW;322;63;0;19;23;23;1;11;;;
2023-08-06 00:00:00.000;NW;304;70;0;19;18;2223;5;306;;;
2023-08-07 00:00:00.000;ENE;76;56;0;21;20;2223;5;15;;;
2023-08-08 00:00:00.000;ESE;111;44;0;29;11;2223;4;14;;;
2023-08-10 00:00:00.000;NNW;327;95;0;21;15;2223;5;120;;;
2023-08-14 00:00:00.000;NW;319;77;0;20;14;2223;3;10;;;
2023-08-16 00:00:00.000;NNE;33;79;0;23;14;2223;3;102;;;
2023-08-17 00:00:00.000;ENE;76;54;0;27;14;2223;3;16;;;
2023-08-18 00:00:00.000;NNE;12;70;0;24;9;23;2;18;;;
2023-08-19 00:00:00.000;N;6;81;0;23;7;23;5;24;;;
2023-08-20 00:00:00.000;NE;47;89;0;24;14;23;5;22;;;
2023-08-21 00:00:00.000;NW;314;87;0;25;14;23;3;228;;;
2023-08-22 00:00:00.000;NNE;27;83;0;23;11;24;3;138;;;
2023-08-23 00:00:00.000;N;351;97;0;21;12;24;4;243;;;
2023-08-24 00:00:00.000;NW;325;89;0;22;14;24;5;1278;;;
2023-09-05 00:00:00.000;SE;126;52;0;25;13;2223;4;101;;;
2023-09-06 00:00:00.000;NNE;31;66;0;23;10;2223;3;306;;;
2023-09-07 00:00:00.000;SSE;158;54;0;24;16;2223;3;15;;;
2023-09-08 00:00:00.000;ENE;61;58;0;25;20;2223;3;14;;;
2023-09-09 00:00:00.000;NE;35;59;0;24;11;2223;3;20;;;
2023-09-11 00:00:00.000;NNW;334;81;0;21;10;2223;4;100;;;
2023-10-01 00:00:00.000;NE;38;68;0;22;11;21;2;109;;;
2023-10-10 00:00:00.000;WNW;297;55;0;23;11;21;1;120;;;
2023-07-12 00:00:00.000;N;351;84;0;20;12;2223;2;1;;;
2023-07-17 00:00:00.000;NW;311;86;0;20;15;2223;5;16;;;
2023-07-19 00:00:00.000;NW;317;92;0;20;13;2223;2;24;;;
2023-07-20 00:00:00.000;N;0;82;0;19;8;2223;2;22;;;
2023-07-22 00:00:00.000;N;356;81;0;20;9;2223;1;138;;;
2023-07-23 00:00:00.000;NW;323;88;0;21;11;2223;1;243;;;
2023-07-24 00:00:00.000;NW;309;70;0;21;21;2223;6;1278;;;
2023-07-29 00:00:00.000;N;351;86;0;20;16;2223;5;10;;;
2023-07-30 00:00:00.000;NW;312;82;0;20;16;2223;2;115;;;
2023-08-01 00:00:00.000;NNW;332;86;0;20;9;2223;5;109;;;
2023-08-04 00:00:00.000;NW;322;63;0;19;23;23;1;11;;;
2023-08-06 00:00:00.000;NW;304;70;0;19;18;2223;5;306;;;
2023-08-07 00:00:00.000;ENE;76;56;0;21;20;2223;5;15;;;
2023-08-08 00:00:00.000;ESE;111;44;0;29;11;2223;4;14;;;
2023-08-10 00:00:00.000;NNW;327;95;0;21;15;2223;5;120;;;
2023-08-14 00:00:00.000;NW;319;77;0;20;14;2223;3;10;;;
2023-08-16 00:00:00.000;NNE;33;79;0;23;14;2223;3;102;;;
2023-08-17 00:00:00.000;ENE;76;54;0;27;14;2223;3;16;;;
2023-08-18 00:00:00.000;NNE;12;70;0;24;9;23;2;18;;;
2023-08-19 00:00:00.000;N;6;81;0;23;7;23;5;24;;;
2023-08-20 00:00:00.000;NE;47;89;0;24;14;23;5;22;;;
2023-08-21 00:00:00.000;NW;314;87;0;25;14;23;3;228;;;
2023-08-22 00:00:00.000;NNE;27;83;0;23;11;24;3;138;;;
2023-08-23 00:00:00.000;N;351;97;0;21;12;24;4;243;;;
2023-08-24 00:00:00.000;NW;325;89;0;22;14;24;5;1278;;;
2023-09-05 00:00:00.000;SE;126;52;0;25;13;2223;4;101;;;
2023-09-06 00:00:00.000;NNE;31;66;0;23;10;2223;3;306;;;
2023-09-07 00:00:00.000;SSE;158;54;0;24;16;2223;3;15;;;
2023-09-08 00:00:00.000;ENE;61;58;0;25;20;2223;3;14;;;
2023-09-09 00:00:00.000;NE;35;59;0;24;11;2223;3;20;;;
2023-09-11 00:00:00.000;NNW;334;81;0;21;10;2223;4;100;;;
2023-10-01 00:00:00.000;NE;38;68;0;22;11;21;2;109;;;
2023-10-10 00:00:00.000;WNW;297;55;0;23;11;21;1;120;;;
2023-08-02 00:00:00.000;W;278;90;3;21;28;23;6;5;;;
2023-08-09 00:00:00.000;S;178;44;1;30;13;2223;9;20;;;
2023-08-25 00:00:00.000;N;2;95;9;20;19;24;6;1200;;;
2023-08-26 00:00:00.000;NW;315;79;2;19;15;24;6;201;;;
2023-08-28 00:00:00.000;WNW;282;83;5;18;29;23;15;201;;;
2023-08-30 00:00:00.000;NW;314;92;6;18;19;23;1;115;;;
2023-08-02 00:00:00.000;W;278;90;3;21;28;23;6;5;;;
2023-08-09 00:00:00.000;S;178;44;1;30;13;2223;9;20;;;
2023-08-25 00:00:00.000;N;2;95;9;20;19;24;6;1200;;;
2023-08-26 00:00:00.000;NW;315;79;2;19;15;24;6;201;;;
2023-08-28 00:00:00.000;WNW;282;83;5;18;29;23;15;201;;;
2023-08-30 00:00:00.000;NW;314;92;6;18;19;23;1;115;;;
2023-06-02 00:00:00.000;E;96;72;1;21;11;19;3;;;;
2023-06-08 00:00:00.000;SSE;162;58;4;24;14;20;3;;;;
2023-06-14 00:00:00.000;NW;317;85;2;18;14;192;7;;;;
2023-06-17 00:00:00.000;ENE;78;58;1;24;18;20;5;;;;
2023-06-18 00:00:00.000;W;270;86;38;21;20;20;3;;;;
2023-06-19 00:00:00.000;SSE;167;52;1;25;14;2021;5;;;;
2023-06-29 00:00:00.000;NW;314;82;1;19;23;21;7;;;;
2023-06-30 00:00:00.000;NW;313;89;3;19;9;21;7;;;;
2023-08-03 00:00:00.000;WNW;286;83;7;18;33;23;2;;;;
2023-08-29 00:00:00.000;WNW;287;88;1;18;21;23;1;;;;
2023-09-02 00:00:00.000;NW;308;86;1;18;22;2223;3;;;;
2023-09-03 00:00:00.000;NNW;329;92;3;17;9;2223;5;;;;
2023-09-04 00:00:00.000;ESE;102;95;60;21;18;2223;5;;;;
2023-09-13 00:00:00.000;N;4;88;2;19;11;23;2;;;;
2023-09-16 00:00:00.000;E;90;56;1;25;4;23;4;;;;
2023-09-21 00:00:00.000;WNW;287;84;5;19;20;2122;2;;;;
2023-09-22 00:00:00.000;W;281;85;29;16;41;2122;2;;;;
2023-10-14 00:00:00.000;NW;324;85;8;17;25;21;12;;;;
2023-10-16 00:00:00.000;SE;129;85;13;16;20;2021;4;;;;
2023-10-21 00:00:00.000;WNW;282;85;4;14;36;192;7;;;;
2023-10-27 00:00:00.000;W;263;83;17;15;24;19;15;;;;
2023-10-28 00:00:00.000;WNW;295;76;1;16;21;19;7;;;;
2023-11-02 00:00:00.000;WNW;287;83;14;11;47;1819;25;;;;
2023-11-06 00:00:00.000;WNW;288;84;1;12;31;18;2;;;;
2023-11-10 00:00:00.000;WNW;286;93;15;12;27;18;5;;;;
2023-11-16 00:00:00.000;WNW;300;81;2;14;19;1718;5;;;;
2023-11-21 00:00:00.000;WNW;293;92;1;11;26;17;18;;;;
2023-11-22 00:00:00.000;NE;36;94;11;11;7;17;12;;;;
2023-11-27 00:00:00.000;WSW;239;82;5;12;8;1617;25;;;;
2023-12-02 00:00:00.000;WNW;288;87;21;9;33;16;3;;;;
2023-12-08 00:00:00.000;W;280;85;4;11;34;1516;2;;;;
2023-12-14 00:00:00.000;NNW;339;73;1;10;16;1516;1;;;;
2023-12-15 00:00:00.000;WNW;290;94;4;10;28;15;6;;;;
2023-12-20 00:00:00.000;NNW;336;92;9;10;26;15;175;;;;
2023-12-21 00:00:00.000;W;281;93;2;10;30;15;2;;;;
2024-01-05 00:00:00.000;WNW;596;182;24;16;46;28;36;;;;
2024-01-06 00:00:00.000;NW;616;188;72;16;70;28;36;;;;
2024-01-16 00:00:00.000;SE;258;188;30;22;16;26;6;;;;
2024-01-17 00:00:00.000;WSW;514;138;4;28;60;26;14;;;;
2024-02-08 00:00:00.000;S;366;108;2;28;30;2628;6;;;;
2024-02-11 00:00:00.000;WNW;568;172;42;20;78;2628;2;;;;
2024-02-13 00:00:00.000;NW;642;198;16;22;14;2628;6;;;;
2024-02-15 00:00:00.000;WNW;574;186;6;26;48;2628;16;;;;
2024-02-18 00:00:00.000;WNW;590;200;4;24;40;2628;4;;;;
2024-02-22 00:00:00.000;W;558;174;58;22;72;26;4;;;;
2024-02-23 00:00:00.000;WNW;566;166;12;18;92;26;6;;;;
2024-02-25 00:00:00.000;W;556;170;6;26;90;26;3;;;;
2024-02-26 00:00:00.000;NNW;660;156;4;18;52;26;6;;;;
2024-02-27 00:00:00.000;NNW;670;178;36;18;68;26;3;;;;
2024-03-02 00:00:00.000;WNW;570;176;6;18;62;26;36;;;;
2024-03-08 00:00:00.000;W;536;168;24;20;64;2426;1;;;;
2024-03-11 00:00:00.000;WNW;568;148;2;20;86;2426;4;;;;
2024-03-20 00:00:00.000;NNW;676;194;14;24;12;26;6;;;;
2024-03-23 00:00:00.000;NNW;656;162;6;20;34;26;6;;;;
2024-03-25 00:00:00.000;SSW;406;138;4;28;30;26;14;;;;
2024-03-27 00:00:00.000;W;548;150;12;18;70;26;12;;;;
2024-03-28 00:00:00.000;ENE;144;176;26;20;10;28;1;;;;
2024-03-29 00:00:00.000;NW;610;176;2;20;22;28;14;;;;
2024-04-06 00:00:00.000;NNW;666;158;24;36;4;28;12;;;;
2024-04-07 00:00:00.000;NE;106;178;8;28;16;28;6;;;;
2024-04-29 00:00:00.000;WNW;602;170;2;24;38;28;2;;;;
2024-05-01 00:00:00.000;WNW;584;176;12;22;46;28;1;;;;
2024-05-04 00:00:00.000;WNW;584;180;12;30;4;28;6;;;;
2024-05-13 00:00:00.000;WNW;592;186;8;30;56;283;24;;;;
2023-06-02 00:00:00.000;E;96;72;1;21;11;19;3;;;;
2023-06-08 00:00:00.000;SSE;162;58;4;24;14;20;3;;;;
2023-06-14 00:00:00.000;NW;317;85;2;18;14;192;7;;;;
2023-06-17 00:00:00.000;ENE;78;58;1;24;18;20;5;;;;
2023-06-18 00:00:00.000;W;270;86;38;21;20;20;3;;;;
2023-06-19 00:00:00.000;SSE;167;52;1;25;14;2021;5;;;;
2023-06-29 00:00:00.000;NW;314;82;1;19;23;21;7;;;;
2023-06-30 00:00:00.000;NW;313;89;3;19;9;21;7;;;;
2023-08-03 00:00:00.000;WNW;286;83;7;18;33;23;2;;;;
2023-08-29 00:00:00.000;WNW;287;88;1;18;21;23;1;;;;
2023-09-02 00:00:00.000;NW;308;86;1;18;22;2223;3;;;;
2023-09-03 00:00:00.000;NNW;329;92;3;17;9;2223;5;;;;
2023-09-04 00:00:00.000;ESE;102;95;60;21;18;2223;5;;;;
2023-09-13 00:00:00.000;N;4;88;2;19;11;23;2;;;;
2023-09-16 00:00:00.000;E;90;56;1;25;4;23;4;;;;
2023-09-21 00:00:00.000;WNW;287;84;5;19;20;2122;2;;;;
2023-09-22 00:00:00.000;W;281;85;29;16;41;2122;2;;;;
2023-10-14 00:00:00.000;NW;324;85;8;17;25;21;12;;;;
2023-10-16 00:00:00.000;SE;129;85;13;16;20;2021;4;;;;
2023-10-21 00:00:00.000;WNW;282;85;4;14;36;192;7;;;;
2023-10-27 00:00:00.000;W;263;83;17;15;24;19;15;;;;
2023-10-28 00:00:00.000;WNW;295;76;1;16;21;19;7;;;;
2023-11-02 00:00:00.000;WNW;287;83;14;11;47;1819;25;;;;
2023-11-06 00:00:00.000;WNW;288;84;1;12;31;18;2;;;;
2023-11-10 00:00:00.000;WNW;286;93;15;12;27;18;5;;;;
2023-11-16 00:00:00.000;WNW;300;81;2;14;19;1718;5;;;;
2023-11-21 00:00:00.000;WNW;293;92;1;11;26;17;18;;;;
2023-11-22 00:00:00.000;NE;36;94;11;11;7;17;12;;;;
2023-11-27 00:00:00.000;WSW;239;82;5;12;8;1617;25;;;;
2023-12-02 00:00:00.000;WNW;288;87;21;9;33;16;3;;;;
2023-12-08 00:00:00.000;W;280;85;4;11;34;1516;2;;;;
2023-12-14 00:00:00.000;NNW;339;73;1;10;16;1516;1;;;;
2023-12-15 00:00:00.000;WNW;290;94;4;10;28;15;6;;;;
2023-12-20 00:00:00.000;NNW;336;92;9;10;26;15;175;;;;
2023-12-21 00:00:00.000;W;281;93;2;10;30;15;2;;;;
2024-01-05 00:00:00.000;WNW;596;182;24;16;46;28;36;;;;
2024-01-06 00:00:00.000;NW;616;188;72;16;70;28;36;;;;
2024-01-16 00:00:00.000;SE;258;188;30;22;16;26;6;;;;
2024-01-17 00:00:00.000;WSW;514;138;4;28;60;26;14;;;;
2024-02-08 00:00:00.000;S;366;108;2;28;30;2628;6;;;;
2024-02-11 00:00:00.000;WNW;568;172;42;20;78;2628;2;;;;
2024-02-13 00:00:00.000;NW;642;198;16;22;14;2628;6;;;;
2024-02-15 00:00:00.000;WNW;574;186;6;26;48;2628;16;;;;
2024-02-18 00:00:00.000;WNW;590;200;4;24;40;2628;4;;;;
2024-02-22 00:00:00.000;W;558;174;58;22;72;26;4;;;;
2024-02-23 00:00:00.000;WNW;566;166;12;18;92;26;6;;;;
2024-02-25 00:00:00.000;W;556;170;6;26;90;26;3;;;;
2024-02-26 00:00:00.000;NNW;660;156;4;18;52;26;6;;;;
2024-02-27 00:00:00.000;NNW;670;178;36;18;68;26;3;;;;
2024-03-02 00:00:00.000;WNW;570;176;6;18;62;26;36;;;;
2024-03-08 00:00:00.000;W;536;168;24;20;64;2426;1;;;;
2024-03-11 00:00:00.000;WNW;568;148;2;20;86;2426;4;;;;
2024-03-20 00:00:00.000;NNW;676;194;14;24;12;26;6;;;;
2024-03-23 00:00:00.000;NNW;656;162;6;20;34;26;6;;;;
2024-03-25 00:00:00.000;SSW;406;138;4;28;30;26;14;;;;
2024-03-27 00:00:00.000;W;548;150;12;18;70;26;12;;;;
2024-03-28 00:00:00.000;ENE;144;176;26;20;10;28;1;;;;
2024-03-29 00:00:00.000;NW;610;176;2;20;22;28;14;;;;
2024-04-06 00:00:00.000;NNW;666;158;24;36;4;28;12;;;;
2024-04-07 00:00:00.000;NE;106;178;8;28;16;28;6;;;;
2024-04-29 00:00:00.000;WNW;602;170;2;24;38;28;2;;;;
2024-05-01 00:00:00.000;WNW;584;176;12;22;46;28;1;;;;
2024-05-04 00:00:00.000;WNW;584;180;12;30;4;28;6;;;;
2024-05-13 00:00:00.000;WNW;592;186;8;30;56;283;24;;;;
2023-07-12 00:00:00.000;;351;84;0;20;12;2223;2;1;Trim. 3;N;114,5
2023-07-17 00:00:00.000;;311;86;0;20;15;2223;5;16;Trim. 3;NW;126
2023-07-19 00:00:00.000;;317;92;0;20;13;2223;2;24;Trim. 3;NW;138
2023-07-20 00:00:00.000;;0;82;0;19;8;2223;2;22;Trim. 3;N;126
2023-07-22 00:00:00.000;;356;81;0;20;9;2223;1;138;Trim. 3;N;191,44444444444446
2023-07-23 00:00:00.000;;323;88;0;21;11;2223;1;243;Trim. 3;NW;243
2023-07-24 00:00:00.000;;309;70;0;21;21;2223;6;1278;Trim. 3;NW;1278
2023-07-29 00:00:00.000;;351;86;0;20;16;2223;5;10;Trim. 3;N;121,8
2023-07-30 00:00:00.000;;312;82;0;20;16;2223;2;115;Trim. 3;NW;172,4
2023-08-01 00:00:00.000;;332;86;0;20;9;2223;5;109;Trim. 3;NNW;109
2023-08-02 00:00:00.000;;278;90;3;21;28;23;6;5;Trim. 3;W;13
2023-08-04 00:00:00.000;;322;63;0;19;23;23;1;11;Trim. 3;NW;14
2023-08-06 00:00:00.000;;304;70;0;19;18;2223;5;306;Trim. 3;NW;249,52941176470588
2023-08-07 00:00:00.000;;76;56;0;21;20;2223;5;15;Trim. 3;ENE;68,54545454545455
2023-08-08 00:00:00.000;;111;44;0;29;11;2223;4;14;Trim. 3;ESE;126
2023-08-09 00:00:00.000;;178;44;1;30;13;2223;9;20;Trim. 3;S;80
2023-08-10 00:00:00.000;;327;95;0;21;15;2223;5;120;Trim. 3;NNW;121,8
2023-08-14 00:00:00.000;;319;77;0;20;14;2223;3;10;Trim. 3;NW;126
2023-08-16 00:00:00.000;;33;79;0;23;14;2223;3;102;Trim. 3;NNE;114,5
2023-08-17 00:00:00.000;;76;54;0;27;14;2223;3;16;Trim. 3;ENE;78
2023-08-18 00:00:00.000;;12;70;0;24;9;23;2;18;Trim. 3;NNE;78
2023-08-19 00:00:00.000;;6;81;0;23;7;23;5;24;Trim. 3;N;48,5
2023-08-20 00:00:00.000;;47;89;0;24;14;23;5;22;Trim. 3;NE;41,142857142857146
2023-08-21 00:00:00.000;;314;87;0;25;14;23;3;228;Trim. 3;NW;175,4
2023-08-22 00:00:00.000;;27;83;0;23;11;24;3;138;Trim. 3;NNE;140,86666666666667
2023-08-23 00:00:00.000;;351;97;0;21;12;24;4;243;Trim. 3;N;243
2023-08-24 00:00:00.000;;325;89;0;22;14;24;5;1278;Trim. 3;NW;1278
2023-08-25 00:00:00.000;;2;95;9;20;19;24;6;1200;Trim. 3;N;1200
2023-08-26 00:00:00.000;;315;79;2;19;15;24;6;201;Trim. 3;NW;201
2023-08-28 00:00:00.000;;282;83;5;18;29;23;15;201;Trim. 3;WNW;201
2023-08-30 00:00:00.000;;314;92;6;18;19;23;1;115;Trim. 3;NW;172,33333333333334
2023-09-05 00:00:00.000;;126;52;0;25;13;2223;4;101;Trim. 3;SE;138
2023-09-06 00:00:00.000;;31;66;0;23;10;2223;3;306;Trim. 3;NNE;243
2023-09-07 00:00:00.000;;158;54;0;24;16;2223;3;15;Trim. 3;SSE;138
2023-09-08 00:00:00.000;;61;58;0;25;20;2223;3;14;Trim. 3;ENE;80
2023-09-09 00:00:00.000;;35;59;0;24;11;2223;3;20;Trim. 3;NE;138
2023-09-11 00:00:00.000;;334;81;0;21;10;2223;4;100;Trim. 3;NNW;138
2023-10-01 00:00:00.000;;38;68;0;22;11;21;2;109;Trim. 4;NE;166,5
2023-10-10 00:00:00.000;;297;55;0;23;11;21;1;120;Trim. 4;WNW;126
